id,user_id,token,device_info,expires_at,created_at
1,1,b39fd303780b19b1942343c420cc16b723bb87f34daa35c3ab037485128d1a76,Firefox Linux,2026-05-10 14:00:00,2026-04-10 14:00:00
2,2,a515f8084a5160a9f8bd374a7312fceec1d56eac66f4aeb25d575c2665d0f36d,Chrome Windows,2026-05-03 19:00:00,2026-04-03 19:00:00
3,3,1b80be6956ff3fff1043e0cff51b2d035bccc87da4e71fb0fff4061efe9a85ce,Firefox Linux,2026-05-07 03:00:00,2026-04-07 03:00:00
4,4,551d61b4f088322a0ba36c1a1e4b0561b6987b1d9fb18e18a6fbca40c6e83428,Safari iOS,2026-05-10 07:00:00,2026-04-10 07:00:00
5,5,6545701c73c9744147dbe1cf51208000ef781d8e653f7cc608a3083aa8a624f8,Chrome Windows,2026-05-10 13:00:00,2026-04-10 13:00:00
6,6,1e42a825805cc98130a76f640e066b11aff1673d586622441c64bb36b94db659,Firefox Linux,2026-05-08 09:00:00,2026-04-08 09:00:00
7,7,fad7fd8763a2a52c446654ba4eb67f98d3ab62c66dd57454d1d4b6304f695a1e,Firefox Linux,2026-05-05 17:00:00,2026-04-05 17:00:00
8,8,b2d27a4a66866ffc5fdd34cfec042de342f6832837c8b0bf56bd76c7040ab8c4,Edge Windows,2026-05-11 22:00:00,2026-04-11 22:00:00
9,9,fa1d1b68af789ab2271b7003a692b1fd09cbee651004662eeb2255d2241c92d2,Firefox Linux,2026-05-03 01:00:00,2026-04-03 01:00:00
10,10,1e08cc9c184182f7637112d07d1c871b5f74f0dddf962d1c4c90a895c57c3a5e,Safari iOS,2026-05-11 18:00:00,2026-04-11 18:00:00
11,11,90306a90b97c852a3693e8f1ffa20e11a664a81599e0a799f1477c9d582cc269,Firefox Linux,2026-05-03 01:00:00,2026-04-03 01:00:00
12,12,7da9f895f05993016b4eebcfa4fc280eb7b37d5ddb1d1f8b06683f9af061ed08,Chrome Windows,2026-05-06 15:00:00,2026-04-06 15:00:00
13,13,bd448041ca2a06b98349bf2c2608d16c05f2ff3f2b1b3c567f796609fd8b4a64,Firefox Linux,2026-05-05 20:00:00,2026-04-05 20:00:00
14,14,ba43105be3f737d24f737706ba50f2b6337d0aa0858b7843afb6aa86ce306fbf,Chrome Android,2026-05-05 17:00:00,2026-04-05 17:00:00
15,15,dda7b4656acdf2772a448cc534df6f9aa218c27ae80a99689c17a7e12e00ba81,Chrome Windows,2026-05-11 14:00:00,2026-04-11 14:00:00
16,16,fe1a14c24e69f9d5b3aec150f905c330cdd91378e5b4a61d3cea9c7095d29744,Chrome Windows,2026-05-06 06:00:00,2026-04-06 06:00:00
17,17,8621feee6eec65fd08e547bc7cc91c416c70083c0a981209e6711c7c9c1d823a,Firefox Linux,2026-05-04 15:00:00,2026-04-04 15:00:00
18,18,8982e078ad8e38ca6830df5a9d7d1c223f3420799c1e3308726f7d4731170720,Chrome Windows,2026-05-04 21:00:00,2026-04-04 21:00:00
19,19,724943b25b0d066edd6cf4d73b31c578de6b31b2a7ed2f0f4140b9a1b534d9e6,Edge Windows,2026-05-08 08:00:00,2026-04-08 08:00:00
20,20,bfd67fbe248acc04b6d61a124ab80796be1357311acc9248362a21016bded826,Firefox Linux,2026-05-02 22:00:00,2026-04-02 22:00:00
21,21,ec83fa54192df2e0ee1d77fac5d7d7c701481a0a4636a7bed531d1dfe929d6e0,Chrome Android,2026-05-08 08:00:00,2026-04-08 08:00:00
22,22,b71b5ec8ea01fa2d237bffb54a27b28dd2243224032fc5069fa7cba31f507992,Chrome Windows,2026-05-02 04:00:00,2026-04-02 04:00:00
23,23,82906bed07d21d609baa2deb5909fdfaf223fa42ac574d7260b4cb31435cf238,Firefox Linux,2026-05-09 05:00:00,2026-04-09 05:00:00
24,24,be1e2f6d93cd63180c5e65663282ceafaabee44976ec13e9b7c3edd9de2c17c1,Edge Windows,2026-05-03 11:00:00,2026-04-03 11:00:00
25,25,ac89148fb2413f3aeb20a714e65d4753cab92a57353f32b6e2d45d98fc3e627d,Chrome Android,2026-05-07 14:00:00,2026-04-07 14:00:00
26,26,282ac218151feba3f95c61ea1c086b26020efa2ae47969486592c5319314b99b,Firefox Linux,2026-05-05 21:00:00,2026-04-05 21:00:00
27,27,e6fa6facd66513e5ddaaf799f983bcaa84b1333c4ab75084d5675c325e7a45b2,Chrome Windows,2026-05-06 06:00:00,2026-04-06 06:00:00
28,28,4cc010863ff938ec8a6d47b3f967d57041c639598f632a1470a81ca3272f2158,Safari iOS,2026-05-08 17:00:00,2026-04-08 17:00:00
29,29,61001599e4a5e4b7bc8de2c362df7f1c19e4630aa97310fcff3cdc6ecd0d0dbd,Safari iOS,2026-05-02 13:00:00,2026-04-02 13:00:00
30,30,4f9adace8d4291b34d8dbfa4326d7aad5f001fc7a8ab7a668946e92072464bfa,Safari iOS,2026-05-08 23:00:00,2026-04-08 23:00:00
31,31,c1758280013f9dae94c96e5ba5d20020cf7abb6f89bfa2cf2c64e5a354edc38c,Edge Windows,2026-05-07 00:00:00,2026-04-07 00:00:00
32,32,dd33ad805cb58b835159ae241c0774703918cacc2205f386764fcc48451bf62e,Firefox Linux,2026-05-02 10:00:00,2026-04-02 10:00:00
33,33,1266ac0b86794d930e0e36337f61cc3ae1999896b2e5595af423cff84f2af5f1,Chrome Windows,2026-05-06 08:00:00,2026-04-06 08:00:00
34,34,b01e9b1be6a8ecfc91792782c1a8eea2ad3a427fb19b06180e8e34fd0664c0e4,Edge Windows,2026-05-06 14:00:00,2026-04-06 14:00:00
35,35,51fc305edf797c221d23878f8b23c3bf6f8d05fc7447b8c8abab73e674ef3392,Safari iOS,2026-05-07 03:00:00,2026-04-07 03:00:00
36,36,a05f911ad59a8d1e0913e448ec2f9da9a40aa276dbc95b6075d1b949a428d362,Chrome Android,2026-05-03 17:00:00,2026-04-03 17:00:00
37,37,5e9a7c6961e1418fbba074bf8e694b0fc6d14ff1830e3018bfd85f837c6ea60c,Chrome Android,2026-05-04 08:00:00,2026-04-04 08:00:00
38,38,aa8c1aa4a73c95e54613c4364e114796682dd49345b4a6d6a683ba89cccf605b,Chrome Windows,2026-05-09 05:00:00,2026-04-09 05:00:00
39,39,f3fa31a5d69f10d411007593cabc5a353351064ce22379a38b25c5d621e4c7e2,Edge Windows,2026-05-10 14:00:00,2026-04-10 14:00:00
40,40,09c116cb4ec70a57d9850734a67645a4c9dab344f2c064baba7f34c026b41054,Chrome Android,2026-05-09 13:00:00,2026-04-09 13:00:00
41,41,0794ca19e1c99d2344f5ff564b1ca9033ed18e507cb55ac3f7e1837d76b43b85,Safari iOS,2026-05-03 07:00:00,2026-04-03 07:00:00
42,42,2f6f861dc14d252017213b130e6438fbf794ca71c31a2ee515564080ac4b6277,Chrome Android,2026-05-04 08:00:00,2026-04-04 08:00:00
43,43,ce43b145152c8edef72c0b91b70f2a57825bc58ea1e60c5a567eaef5530bb63a,Chrome Android,2026-05-03 03:00:00,2026-04-03 03:00:00
44,44,d201a149a9893da9de76e372d05341f21db64aedc88c9f4c002e6c5044c5cbbe,Edge Windows,2026-05-11 04:00:00,2026-04-11 04:00:00
45,45,f2431c0acaf1765f3c0159e0700b2669060fb0f3b43a82faafbf36e985818fdb,Firefox Linux,2026-05-07 17:00:00,2026-04-07 17:00:00
46,46,d8aaf5d951edfddda70190d1636e87c12fb91233f99dc1e6696ff17fcdf12b19,Firefox Linux,2026-05-10 21:00:00,2026-04-10 21:00:00
47,47,7a24fde4df54d9eb9416cf412433b6646055d4a2bf8446e0550057fb27db7a7f,Safari iOS,2026-05-04 05:00:00,2026-04-04 05:00:00
48,48,34873ccad5bdeed58453ab4eb89233b3643969e8db3a3a581ceee5f4ed15fc81,Edge Windows,2026-05-10 17:00:00,2026-04-10 17:00:00
49,49,59f93c2f4f084b8085fd415db5caa6445379dad591d7ed7ffed5850567cbe324,Edge Windows,2026-05-07 01:00:00,2026-04-07 01:00:00
50,50,62455aab792f650a49e44c3a38f345f27078c1a97695d23c0b3568dfffd039a4,Chrome Android,2026-05-10 22:00:00,2026-04-10 22:00:00
51,51,165bf6bfd3cfc81d90dfa1cb0c38a4b269dc6cad0a45cc4eead08329eecd8290,Firefox Linux,2026-05-10 09:00:00,2026-04-10 09:00:00
52,52,2a0e651abeee2b698f345b53a9baa5e050a9783727275f04d3569cbddb076bc7,Safari iOS,2026-05-06 17:00:00,2026-04-06 17:00:00
53,53,a76ccde4e58a963fcff237d760eedfc19a8d9c6d2117f64d63409f924bd7cd38,Edge Windows,2026-05-10 16:00:00,2026-04-10 16:00:00
54,54,61c47ff43dd5f6b1d33d9e695772f736de04261e47e09d8b9ebbeb95a5877bdd,Safari iOS,2026-05-04 09:00:00,2026-04-04 09:00:00
55,55,e08394f2cb92c4590973a8e620bed846b432894604d3ef329e9c21c8162b0dc4,Edge Windows,2026-05-04 04:00:00,2026-04-04 04:00:00
56,56,c01e572344a949e232e2ea0a9a4239c6141bcbdf1f23edc7fe4402671b1312ab,Edge Windows,2026-05-01 03:00:00,2026-04-01 03:00:00
57,57,50097b4210a8bc0bae815f7dc69fbf09af519109549f140a4d0efee65e0e03b3,Chrome Windows,2026-05-05 21:00:00,2026-04-05 21:00:00
58,58,4f45be97cedc36b1dc47b91d95fd24fc88b4e415fd7170645ea6f1c750eff2d1,Safari iOS,2026-05-10 09:00:00,2026-04-10 09:00:00
59,59,540e31556a4b7f10bee76bd9bac5748cfc9d97993260c63032016f1fdc246516,Firefox Linux,2026-05-02 14:00:00,2026-04-02 14:00:00
60,60,8325454a34a6edcf0281fa9217e1dcf70d99ac66cd66ee3f9ccf60acfd9a2c81,Chrome Windows,2026-05-10 00:00:00,2026-04-10 00:00:00
61,61,5a37d0782dd134f1cd353d6a7000678d2e36079870156de0a8b394367345abf6,Safari iOS,2026-05-08 02:00:00,2026-04-08 02:00:00
62,62,b6dd20bc7be9445a4a990c6de8a7d734923ddbfc962acf19b69ce172e29e382c,Edge Windows,2026-05-05 16:00:00,2026-04-05 16:00:00
63,63,f9943e1d56521e537c91ba1a94c99dcf8d2e0afa6e1995e52ab0e7591e596db3,Safari iOS,2026-05-05 18:00:00,2026-04-05 18:00:00
64,64,0bcd34d15312f557c2133bcaf2d75f67cab226d8f168ccaf4c6017a564a2aa9e,Chrome Android,2026-05-01 11:00:00,2026-04-01 11:00:00
65,65,9e54122dfdb5d1c135320f6bd67afe7950c2daea364b21761e6caea74b57ac43,Chrome Android,2026-05-11 12:00:00,2026-04-11 12:00:00
66,66,61041fdb68c6dd9a93c8ff24c251d0006cd7ffdc5157f47a8fbce8212e855465,Chrome Windows,2026-05-04 13:00:00,2026-04-04 13:00:00
67,67,e85864941b02863f4f758a858dc2700715796480fec79d1e76dff19ed6d4c7d4,Edge Windows,2026-05-08 13:00:00,2026-04-08 13:00:00
68,68,3bbcbef51ef975ee043c855286ce0866e0c2fce871f30ebd1918022ec95bac45,Chrome Android,2026-05-03 13:00:00,2026-04-03 13:00:00
69,69,f5aecc82844af91811305a4b9ebdb1b4207e98b3cccddec84c974b6991f02a3d,Chrome Windows,2026-05-08 09:00:00,2026-04-08 09:00:00
70,70,4f87c4d7a95038103405ff3fa73438153ade428e903fbb6881a1aecb8a1ac622,Safari iOS,2026-05-07 16:00:00,2026-04-07 16:00:00
71,71,edf140f53d7e4b968a84c5136828d1f957490ac1f34909adde602a33255c3591,Safari iOS,2026-05-10 13:00:00,2026-04-10 13:00:00
72,72,b91474814e1d442f7e3617df24798062e2fa996ec515ee6faa2e0994737d6161,Chrome Android,2026-05-07 11:00:00,2026-04-07 11:00:00
73,73,928c0d01455b4447fca709d8ebadf57c9b9cffbda1b123f9c31c3e24e2445a88,Firefox Linux,2026-05-02 10:00:00,2026-04-02 10:00:00
74,74,152053ebba46b3d91f3ca0b8c09e4c0ef1234d5cc87ddafbf845983a817157c0,Edge Windows,2026-05-03 09:00:00,2026-04-03 09:00:00
75,75,81d3456af915b697d4046c2efda88fc08aa8eb1ba5cf4683caa7ad92ac4c3d39,Firefox Linux,2026-05-10 10:00:00,2026-04-10 10:00:00
76,76,ce94150d217d04fadfb751671722c1ccf5f7dd87f668e5fda4c107b0fb81dc10,Safari iOS,2026-05-07 10:00:00,2026-04-07 10:00:00
77,77,ed9ea03cebde45abe08e268ef2bb0f178f024573cd68ce11fae99bb60a38a9d3,Chrome Android,2026-05-07 09:00:00,2026-04-07 09:00:00
78,78,547c3cc49fe3be8cefd6a3e6e006e15f7e64c27ad31d026097ad0da06eabbe45,Edge Windows,2026-05-10 16:00:00,2026-04-10 16:00:00
79,79,a3f30b4326f4c0a684264b0211d03ea429d9333e07f7cc557827bbd569ab6d48,Edge Windows,2026-05-10 15:00:00,2026-04-10 15:00:00
80,80,0499eeda8925c331d2a245d9f06cfb84812e8531defdc723e736638b632658af,Firefox Linux,2026-05-04 00:00:00,2026-04-04 00:00:00
81,81,981b33ffc05c592a8c8330ec6a439bdd74cf569642694982f243304a6564a1bc,Safari iOS,2026-05-01 00:00:00,2026-04-01 00:00:00
82,82,cf241a0d2d936833636a210e8fb1da6a02f23b407d46654e3f0c0a6a53846d56,Firefox Linux,2026-05-07 13:00:00,2026-04-07 13:00:00
83,83,73238225b519b6edf105f882911f7ee59d1220bfe4f240ec0e4435d87442676e,Safari iOS,2026-05-01 23:00:00,2026-04-01 23:00:00
84,84,668cbb6e5daf4b78df9b37146c469784efd03cdd50a34819de6edc1d9438cf0f,Chrome Android,2026-05-11 05:00:00,2026-04-11 05:00:00
85,85,6bd7d961ab8dba4eaa7505a2389cf42ab36c14ad17210469bcaae0c208baf5c3,Chrome Windows,2026-05-07 23:00:00,2026-04-07 23:00:00
86,86,987449384c57c13f147987dec0627cc66d220408a57a7fb161cc04a2b04a8b1e,Firefox Linux,2026-05-03 09:00:00,2026-04-03 09:00:00
87,87,e7bbf30eb5ce8df8b83f2509b320aa5e4fdbe558775b52912c844059bdb7f6a8,Chrome Windows,2026-05-02 06:00:00,2026-04-02 06:00:00
88,88,471c9c678146d438af3879e90c557a6eb070c4dba34c93ac55e4a9c881a60f87,Chrome Windows,2026-05-06 05:00:00,2026-04-06 05:00:00
89,89,2eb83f31ac193f0b9336dc3a9658bb540b9614134bae5370f699fe316a70777e,Chrome Windows,2026-05-07 08:00:00,2026-04-07 08:00:00
90,90,3f61b04ad8d0f4cda82d3e4412f30f2b219703b4f56bdae1b14f07d46ec114af,Edge Windows,2026-05-10 02:00:00,2026-04-10 02:00:00
91,91,7ff189390b1a9fbee94f7712ec8ea174ce5a04602da6af093f106b675fe37bb0,Firefox Linux,2026-05-11 02:00:00,2026-04-11 02:00:00
92,92,fe2364e04e241660be04d43a92403fd77a91bfce4522ce9035f40dc38189b8dc,Firefox Linux,2026-05-01 12:00:00,2026-04-01 12:00:00
93,93,9944acd1308719dea9daeeeb26ece021fb9f8e5013e1056b8e243fef2c3fb7e9,Safari iOS,2026-05-10 07:00:00,2026-04-10 07:00:00
94,94,21133b487734eeecf1466521587e02f905c076b2f5e16f8efefebd9f9facbff6,Edge Windows,2026-05-05 16:00:00,2026-04-05 16:00:00
95,95,77e11f5f06a23283dbdc71c4daf478bbddf129af2b065fb30f7f8112ae647543,Chrome Windows,2026-05-02 22:00:00,2026-04-02 22:00:00
96,96,e4cb81ab9297a583b32aadb0b6257a0f97bf9093794741c6074ac7fc6f717639,Chrome Windows,2026-05-03 22:00:00,2026-04-03 22:00:00
97,97,5a312fca0162ae2c840dfad2097ead9815886f4efb07ad363470a3147891b591,Chrome Windows,2026-05-02 08:00:00,2026-04-02 08:00:00
98,98,4153bf366f8836a15ed589a2ce15815f8bf66738d89795ddfb7bad7ef9ebd866,Safari iOS,2026-05-10 02:00:00,2026-04-10 02:00:00
99,99,597f0e5f0b313e8900e6b65ad81d71e8adf88d00b7c80e59c9d7dc56be146cbb,Chrome Windows,2026-05-06 17:00:00,2026-04-06 17:00:00
100,100,e4eb26dfce9977661d233a11f5998ef1b23cccf12b2ba24502f72c31aa59b401,Chrome Android,2026-05-07 15:00:00,2026-04-07 15:00:00
101,101,669da5bfb0ab25a86e0da9afc0d8bde436397847fc605a886f0543371ec59a42,Chrome Android,2026-05-09 06:00:00,2026-04-09 06:00:00
102,102,fc2a6bd671477499cdc1cec3021bbc2cf2aa471ca4a291c240c116a219c06ed1,Edge Windows,2026-05-10 22:00:00,2026-04-10 22:00:00
103,103,fee0327720e11490a4503795c191b885e729fb64d70c93f10daa4191fccbdc60,Safari iOS,2026-05-08 00:00:00,2026-04-08 00:00:00
104,104,b5b0dcc94d294454851936871962b563fbce9a6f81e67680d63e56f1d7eb642f,Chrome Android,2026-05-10 16:00:00,2026-04-10 16:00:00
105,105,8b38af667fc1202eff6e0e1148d79092d0a031cc91a9bf50401d3687b2de3345,Chrome Android,2026-05-06 13:00:00,2026-04-06 13:00:00
106,106,1419ce393f5a85bc87527f11bf82b05f5bda602ade52ce5deb861a063dfb9290,Firefox Linux,2026-05-03 15:00:00,2026-04-03 15:00:00
107,107,18aab989053c3784e7b656313e4cc1b436ac58cbbd6450ff93302e11f0777372,Firefox Linux,2026-05-01 06:00:00,2026-04-01 06:00:00
108,108,26a4e806ccd2a88ecc92456665e82d41e5c79ca2c98b2e9afb16a05bde60986c,Chrome Android,2026-05-02 18:00:00,2026-04-02 18:00:00
109,109,9ef97e092468ba559944e51aa10b9a5a0f1f5b8c9aea435389d0e636074b0af6,Edge Windows,2026-05-03 16:00:00,2026-04-03 16:00:00
110,110,b409902e576202905ae5d27f7e5620365b85f5760301f7bb49e5dc9a25b5e4a4,Firefox Linux,2026-05-11 23:00:00,2026-04-11 23:00:00
111,111,4d8e8679dacf1ab849aeffd17c37dd4f61f4346f4dc1d4b94a69dcd8f82e2b0d,Safari iOS,2026-05-06 04:00:00,2026-04-06 04:00:00
112,112,201f6ebc568028ba7da888f78be67b1fc464114ed6ae2706db66c6930e5e9e48,Edge Windows,2026-05-08 13:00:00,2026-04-08 13:00:00
113,113,b9ffbbe41cb127534196dc6f4a72cdd7a904ba91ae1d87a44ea4cc5a39aca455,Chrome Android,2026-05-08 11:00:00,2026-04-08 11:00:00
114,114,865b580534396401e5e864e66e0ce5d79fc64c77d538b8b2d80d88da90c053ec,Chrome Android,2026-05-07 08:00:00,2026-04-07 08:00:00
115,115,484327d521462faa38294543fad2c8d44bf51d5d330a9ae316ff105a790bd846,Firefox Linux,2026-05-08 19:00:00,2026-04-08 19:00:00
116,116,ed09619afd80dddf4483a9c003a5dc17697c30835b046ec832f2e713f74af898,Safari iOS,2026-05-10 15:00:00,2026-04-10 15:00:00
117,117,a7a487b58cae3a4f227b9b6abb4e2c18c8b08b7ce31719c6d9700c1870970269,Safari iOS,2026-05-03 10:00:00,2026-04-03 10:00:00
118,118,651df9c9976bb3dc2916333d2e7b7a8c1e81f714785c0800eeac1f9199ad3637,Firefox Linux,2026-05-03 03:00:00,2026-04-03 03:00:00
119,119,28000499363305c12566fff617d704c10bb983731dcb2571111bab599dc55b41,Chrome Windows,2026-05-02 19:00:00,2026-04-02 19:00:00
120,120,535ec0d4d92d06d0567888047ab9bff671c0c5526ed21abe3abf4aec04bcc839,Safari iOS,2026-05-07 16:00:00,2026-04-07 16:00:00
121,121,1493fefdfd7b441c0f0bce533f0f420aa7168ab51789e74a57d441af3b8e6e9c,Safari iOS,2026-05-10 22:00:00,2026-04-10 22:00:00
122,122,7100a015c72a31ca055d540f17b44eeca7796b940262f33426da73ca837c0656,Chrome Android,2026-05-10 17:00:00,2026-04-10 17:00:00
123,123,b9d50950eafbbb2f4281744feae28ce040d59523b868e9223090db4127d0e3f4,Safari iOS,2026-05-07 06:00:00,2026-04-07 06:00:00
124,124,73786b92fd0d795d27a66ca013e815c104590d01861c80f573b7b4658022cec5,Safari iOS,2026-05-10 09:00:00,2026-04-10 09:00:00
125,125,445292bccb6a46e66c01fe527a3d4111551dd6b421fec18b2e413d3583726379,Safari iOS,2026-05-10 01:00:00,2026-04-10 01:00:00
126,126,b0613a01368b0bbe9d72c418ae6e40fe6343155ce8f68d194dcb53376e56f556,Safari iOS,2026-05-04 14:00:00,2026-04-04 14:00:00
127,127,88bb903bd2386f7a0b3a5c1bbb499f9ee01c435ec199920fdbe7b10b867bb0ca,Safari iOS,2026-05-11 21:00:00,2026-04-11 21:00:00
128,128,e3fddbb23e582dd11a01239622cdbdf9c5554895e241e77ba567a7ad9ba3c2ee,Chrome Windows,2026-05-10 19:00:00,2026-04-10 19:00:00
129,129,49bbbf6bc3ac2b09a185716f07b7b83d01d584540c233bf5d5d46d5e3ada433f,Safari iOS,2026-05-05 19:00:00,2026-04-05 19:00:00
130,130,f2a62b94182f08baefa80c92b4c20532bb2285a7feb610401fc7072da757b51e,Safari iOS,2026-05-02 02:00:00,2026-04-02 02:00:00
131,131,59910cc80805bc8ac38fd698afc14842010143784abe8ed8509efbe4a352f6a7,Chrome Windows,2026-05-02 00:00:00,2026-04-02 00:00:00
132,132,a42a5c3d1425501a07479eecea487aa7edde0fecfb5d978bcaef6b1d9fa847f5,Edge Windows,2026-05-01 17:00:00,2026-04-01 17:00:00
133,133,6ed215366f6164b42ed95dd1b03174a33ecc2ff272358b7ad883611a4a8da0e3,Chrome Android,2026-05-09 14:00:00,2026-04-09 14:00:00
134,134,a09e607ac08b521356816fd07395979e3531fbe1dca7d7f29e2cd6e87b5288fd,Chrome Windows,2026-05-07 18:00:00,2026-04-07 18:00:00
135,135,82b3aabe753924e64b3c55b8acb3133c4fa31a6bd5a80cf7f0b177f294e5d9bb,Safari iOS,2026-05-06 19:00:00,2026-04-06 19:00:00
136,136,6c98fcd7795ee77ed2375c471cfc4b7e00b23f0d32711845532e165bc0ac262a,Chrome Android,2026-05-08 03:00:00,2026-04-08 03:00:00
137,137,76b1858466e9e8a7b9346a8a32d3fc1a094978dafd03a69d5d8da138ef01b09d,Edge Windows,2026-05-08 06:00:00,2026-04-08 06:00:00
138,138,42db093654b10fbdf5f510ba9cd470e09a1176753eb2d3e1fdaf192223a93346,Firefox Linux,2026-05-03 12:00:00,2026-04-03 12:00:00
139,139,d90dbbabf2a1fd48289e0cd86c4dcf0bf5f0ec83b951c1a8113a029204d52e00,Safari iOS,2026-05-07 18:00:00,2026-04-07 18:00:00
140,140,9c5a5f4ba56bce34695da03c1e54df75cd8ba2917e76bf84c1137aaf9fccb8af,Edge Windows,2026-05-11 23:00:00,2026-04-11 23:00:00
141,141,29283fb174f604158ddef96853d12682cb600ca327b021c18133fd27051f174c,Edge Windows,2026-05-09 02:00:00,2026-04-09 02:00:00
142,142,8d7ef41fa675ca5fd7d3152023fbeb6c0bbc911055d3ab94ef53ef7b1c7ed674,Chrome Windows,2026-05-04 15:00:00,2026-04-04 15:00:00
143,143,fbc636de53e115996339954008fc7be9f028626dacf469f31d57dbb94ff800f9,Safari iOS,2026-05-04 18:00:00,2026-04-04 18:00:00
144,144,724b3fd20c1484f48bf62060b786a6c71434b9bf266eb8c6440d65e21f6b2213,Chrome Android,2026-05-08 23:00:00,2026-04-08 23:00:00
145,145,f47c11c645e723ba8a18480865e05ce002e4dddf82b751d52d106e60ae7c06db,Safari iOS,2026-05-02 05:00:00,2026-04-02 05:00:00
146,146,9ac5035064b4789d5d3c48288ac7a2ebe53f6072c6d64fd88d6dfeb73fda5d75,Firefox Linux,2026-05-05 19:00:00,2026-04-05 19:00:00
147,147,f07127f988db288d950964524174765ad877d4819f58c72371aa0eefe3fca304,Safari iOS,2026-05-01 15:00:00,2026-04-01 15:00:00
148,148,c77bd06f51634fb7d31b0f955a24ac37932e8fed04cc7e8fbc97a3704d3d4352,Edge Windows,2026-05-02 09:00:00,2026-04-02 09:00:00
149,149,86137a0c43dd58f7055a21028f7e376887517a3ae89bdb20f03967d670f1e240,Firefox Linux,2026-05-11 15:00:00,2026-04-11 15:00:00
150,150,913982d585882d4b3a358939fa2c7d0f106165025a5ba6c1eafe9c8529034afd,Chrome Windows,2026-05-08 09:00:00,2026-04-08 09:00:00
151,151,fc21e4ef610fa7d1c4d054931fb8fa1c70eb8e52b8568c369fa84a138b27ce6c,Edge Windows,2026-05-01 04:00:00,2026-04-01 04:00:00
152,152,a66df029ba7da5113fee81cf31aa6fa958f49fca09ae78a159d1c38728d74f7a,Safari iOS,2026-05-07 15:00:00,2026-04-07 15:00:00
153,153,b65f6c28ac1cf3e44b58df6cc06412df0edc6b5928b5a46a11b4ecc4cc531391,Chrome Windows,2026-05-02 13:00:00,2026-04-02 13:00:00
154,154,bcd60695ec17fe4bda8c21fc59d127da19b307fedc121c63ba535f0f8bcbc6d8,Chrome Windows,2026-05-08 07:00:00,2026-04-08 07:00:00
155,155,71138f9558f085094efa6b66ac78a848a18f8168ab60b9b22d9d192810ad8f92,Safari iOS,2026-05-10 16:00:00,2026-04-10 16:00:00
156,156,3d48e7bad2b1be0fdc9644bdb4a5fbfc8e20916db6bc76366e61c09dea55c3af,Firefox Linux,2026-05-01 08:00:00,2026-04-01 08:00:00
157,157,eb41269cb238131d7d519529542d0ba31c519c884e02b6140e23536798c01637,Chrome Android,2026-05-09 17:00:00,2026-04-09 17:00:00
158,158,521dfec096418ec7983ca414f3c19ba604f389c1a2acc2f59ed76c3ee81324e0,Firefox Linux,2026-05-06 11:00:00,2026-04-06 11:00:00
159,159,8c668d54f7ce0c3d2a1c9d83c1291a4e9a7ea5ef257f6114355ce83f9c0bc28e,Chrome Windows,2026-05-11 13:00:00,2026-04-11 13:00:00
160,160,2e49e732210254a65d9c873ef038252d729020d5bc6c817c19b7c95264a808f5,Chrome Android,2026-05-03 17:00:00,2026-04-03 17:00:00
161,161,a4b58d7ead956bc73d35ed421cd5b79b1937257e6e1b44c7922177e373c265c0,Edge Windows,2026-05-05 01:00:00,2026-04-05 01:00:00
162,162,7a366ef99f59b55b4d2257110218ba131250d7700e8b8d3cc3aa42ae42733f76,Firefox Linux,2026-05-03 17:00:00,2026-04-03 17:00:00
163,163,7ff032db9228f25c97f59eec102910490ac70f8787fd4ba18b3a57739d475f9b,Safari iOS,2026-05-03 14:00:00,2026-04-03 14:00:00
164,164,101cf40671fd79c20c328447179b65eae63f3cfed5211e1190ee65430acfccf1,Safari iOS,2026-05-01 12:00:00,2026-04-01 12:00:00
165,165,b3e88540df143dfff662261b22cde6af5109e6179c502e2d3ea062f82ac76b8e,Edge Windows,2026-05-08 01:00:00,2026-04-08 01:00:00
166,166,9c5393e237424f5c3a9bf2f67d76200cd70aa9ce4aa183d33ecf54de2f10e337,Chrome Windows,2026-05-09 14:00:00,2026-04-09 14:00:00
167,167,4166850e5e711cfbd0ba1a94285c0ee37bb53970cfdfc0b7fbeefa597877d482,Edge Windows,2026-05-05 09:00:00,2026-04-05 09:00:00
168,168,cc616c14b74989427d71064788a7d362f36921ecef2314dbdac3984b62de5e61,Firefox Linux,2026-05-02 20:00:00,2026-04-02 20:00:00
169,169,a108cb7786fb47cbcad867f90f2009211d47c4d92c7e097d3fa94a1069cc35c7,Firefox Linux,2026-05-11 00:00:00,2026-04-11 00:00:00
170,170,b0e522b8ce984f3e5d5585175cf123c24e536b19e7f506bf68d66274a9e70a92,Chrome Android,2026-05-04 00:00:00,2026-04-04 00:00:00
171,171,e1a1279fa5b41763337c10e4f319950914e16c5a16515b9234ac5bdd672603ce,Safari iOS,2026-05-08 22:00:00,2026-04-08 22:00:00
172,172,050d625208ae094f500ae15cc5751414f96bde039ec7c023adcff1f7c85f8cdf,Firefox Linux,2026-05-11 17:00:00,2026-04-11 17:00:00
173,173,12cbb7379b4fb8ab117bf66732d6d7430eb0794c059f9fc4d0e8cc387a365f98,Chrome Android,2026-05-10 08:00:00,2026-04-10 08:00:00
174,174,eee03dcf3877ac16e56c66f2f5058a36d6afe978c28da711a7db808347b7fbad,Chrome Windows,2026-05-03 23:00:00,2026-04-03 23:00:00
175,175,a989ac5fe557e7cc1231459558a7aee58d3315ac95a90291dde00512f5e1cc90,Chrome Windows,2026-05-06 01:00:00,2026-04-06 01:00:00
176,176,75cb1d67a0d8cdc561ac429c6ec1d052d6ef0464b0eac10625bd491e821c9d89,Safari iOS,2026-05-01 19:00:00,2026-04-01 19:00:00
177,177,d1b4fd8e663406a13d6d0872600fe2e9ec25bdebc325faf7539370f481887268,Firefox Linux,2026-05-11 06:00:00,2026-04-11 06:00:00
178,178,4ecb4e448549f62aef46e9fd56f0ee74ddf07bd3f02324a6fde9c3cceb1acb2b,Firefox Linux,2026-05-06 19:00:00,2026-04-06 19:00:00
179,179,1a9869477bd362933aa93cc3773dc0e4c9c948c018d1ae7aaa807b7d5d1e7fdc,Safari iOS,2026-05-01 15:00:00,2026-04-01 15:00:00
180,180,dd62db7566a117fe6a2c80c27deb597a136776faa49402dae3571be6712ae746,Safari iOS,2026-05-05 11:00:00,2026-04-05 11:00:00
181,181,700500e33dc607f3e95b85e53f56cf62b669476e8b87de222e7f3012209351d0,Chrome Android,2026-05-11 05:00:00,2026-04-11 05:00:00
182,182,37231697ab6da39ef6e1b613d198fbefc55e0dde27e6e610daf34e560a13504e,Firefox Linux,2026-05-04 06:00:00,2026-04-04 06:00:00
183,183,fb85341e4282950ef01687c1306e9d67132d08510eff1c1bc52bc172998fcf54,Edge Windows,2026-05-01 13:00:00,2026-04-01 13:00:00
184,184,9f7533bb3c0037912a681360bb3e472a51a5b8dc9fb5fa5db9800e296bec4d86,Safari iOS,2026-05-05 06:00:00,2026-04-05 06:00:00
185,185,6bc58c6c57e95c8ebb968fd2bc7a508ea181d974d10bef965170225880d5f55f,Edge Windows,2026-05-08 04:00:00,2026-04-08 04:00:00
186,186,d6bd4e7bf4b8259205276e72a393584ff96ef261b341f4d5ca6ed899b217df66,Edge Windows,2026-05-11 13:00:00,2026-04-11 13:00:00
187,187,e47f47d9da3d3ee93feb5615f296ec8379cf8968715b8df10f06e704016cd46f,Chrome Android,2026-05-11 07:00:00,2026-04-11 07:00:00
188,188,2249879fbd502b1e3939f333b19b9320c4e068b8e5409853ba9ee80692e27ded,Chrome Android,2026-05-02 10:00:00,2026-04-02 10:00:00
189,189,4dd34eb0354eee2019af26b8e86bd241f6ff65ddfc141c27b9c76c33a692022f,Edge Windows,2026-05-10 22:00:00,2026-04-10 22:00:00
190,190,2fbfbe6b339eb66afb06cc9ada33846c93f8a4ab3b7030e5befaca8835ef87a8,Firefox Linux,2026-05-06 18:00:00,2026-04-06 18:00:00
191,191,cb82a3ada7f98228b7699483221d15924e716b78320b9e812390b6c38d05551b,Firefox Linux,2026-05-02 23:00:00,2026-04-02 23:00:00
192,192,388657f571204df5e86ec3c5a4e5e9ef082f1d3767c541a5d8874e94fb2aa356,Edge Windows,2026-05-11 01:00:00,2026-04-11 01:00:00
193,193,f2aeec6e058fbc45cb6303522108e1844d709232156b39e9301cc60d30121065,Safari iOS,2026-05-09 11:00:00,2026-04-09 11:00:00
194,194,b68108ed6f0f5de583044d55bdb03be393730e87ea7cf2b662c00ae8024ebe9a,Chrome Windows,2026-05-09 23:00:00,2026-04-09 23:00:00
195,195,73cf88291ba04eee28f00d4f5740d3944283441f94e19478b526a2209dff75d9,Chrome Android,2026-05-09 16:00:00,2026-04-09 16:00:00
196,196,c91307ecba468bd069ca25f47d4528a7905b1039ee9467f87f28e032752890b4,Edge Windows,2026-05-07 08:00:00,2026-04-07 08:00:00
197,197,1acfebb17125c8b45b178f968de86a298d790c4375b3e8c84b37ed7240f7ca7f,Chrome Windows,2026-05-11 23:00:00,2026-04-11 23:00:00
198,198,f4e947f68b9ba054eec6fcc983f9aff0386942fb531e68b448139210e9603a86,Safari iOS,2026-05-11 18:00:00,2026-04-11 18:00:00
199,199,5e65453f74e858b49a60a0d17c899a046f2e7eb277093fb6a128ff5f8b55d13d,Chrome Android,2026-05-02 22:00:00,2026-04-02 22:00:00
200,200,616631dc660c962d947984b53b93d8d01c338629ce667c00c31eb3b7ebd44a5c,Firefox Linux,2026-05-06 09:00:00,2026-04-06 09:00:00
201,201,fde24a1dd9b0ba09ec0cd0bf5a2732d79299d35192a07fad2e0265862489d01b,Firefox Linux,2026-05-03 09:00:00,2026-04-03 09:00:00
202,202,b45428c590bf339ffd7217e2f2609495f6645fd7a806c173be01d44e4c6094fb,Chrome Windows,2026-05-04 06:00:00,2026-04-04 06:00:00
203,203,f94c829f2a002906a898faf9ab0e6109a3bd9bb52adafc2668b44662306f1ce5,Safari iOS,2026-05-04 09:00:00,2026-04-04 09:00:00
204,204,2d156cb8150b0271c21bf35dc6649822818e9690ea13e9fc565a06737da527ca,Safari iOS,2026-05-09 22:00:00,2026-04-09 22:00:00
205,205,3242b55d483ec304856b43ee15039f4d7184140e436f303ad3692c39fc708259,Safari iOS,2026-05-01 18:00:00,2026-04-01 18:00:00
206,206,bf064a2377549344809137790d56f0570f287d8d2b9b7ec422e9c4b907d0a5d7,Edge Windows,2026-05-04 01:00:00,2026-04-04 01:00:00
207,207,51283c8ab1c6bcc41d6fb225c26bacf7ac1b9bb9cf51e61a37bf430480602c17,Chrome Android,2026-05-10 09:00:00,2026-04-10 09:00:00
208,208,e2aed4c84123c48e3e498439d8f0fefe643eb81749fe7158cee3ef0d9bfa5181,Firefox Linux,2026-05-11 23:00:00,2026-04-11 23:00:00
209,209,050dea2e2546c6528792197228c2e1f24bba27716d941738ad273c8a8cd40ee8,Safari iOS,2026-05-07 13:00:00,2026-04-07 13:00:00
210,210,85126547800dbc8ac22e888957169862e9c8321e0fd8f4d4e616521d5b3efda2,Chrome Windows,2026-05-08 21:00:00,2026-04-08 21:00:00
211,211,ab3ab31a4c38895c9cdfd7e6b46387c0de872bda5714fa959f0a7fcd071ded71,Firefox Linux,2026-05-06 09:00:00,2026-04-06 09:00:00
212,212,3434e8a68f2e907f02780790a96509d7933e4f74a72f35402e75676cedd24378,Edge Windows,2026-05-02 18:00:00,2026-04-02 18:00:00
213,213,96e1137823c7150c6cc40b1ce21042336cae9a1737a3fe214e7d38d70ebae9aa,Chrome Android,2026-05-07 03:00:00,2026-04-07 03:00:00
214,214,dad9d51a594b1a737da22d645cd75929fc19554898b6077e2727348ca87525e0,Chrome Windows,2026-05-11 21:00:00,2026-04-11 21:00:00
215,215,e8093e90252dda691918f6d069389ad5267b305f8f8477d9d022db427567f6b8,Safari iOS,2026-05-07 19:00:00,2026-04-07 19:00:00
216,216,2a4f481ca09df138902d8a3918c079217bc426c30d129b45ec3b45a9ba3a6860,Chrome Windows,2026-05-08 22:00:00,2026-04-08 22:00:00
217,217,84f49e3c0a6e034a7b2fa67c88543cfe7a9e77c728d5c1420bd68e63958820ed,Chrome Android,2026-05-08 03:00:00,2026-04-08 03:00:00
218,218,aa981c327ec3fe188c1f397fb12c1ce5c1672a7c9ce0f9083bbdf48c7f1454d3,Edge Windows,2026-05-01 23:00:00,2026-04-01 23:00:00
219,219,7adb8d76d7f1ac0294cba1e71c9668bf33d656003ebf715a904b06f2f14a6042,Edge Windows,2026-05-01 04:00:00,2026-04-01 04:00:00
220,220,572220cf658ddf49d7f653a931eaf3b4b17259ef60cb05112c74e7d8c1d40287,Safari iOS,2026-05-08 16:00:00,2026-04-08 16:00:00
221,221,75d807dbfbbbab3101ff15970784e3b0b0b71ebe7cf95fb38154de9789dfba40,Chrome Android,2026-05-03 15:00:00,2026-04-03 15:00:00
222,222,f0354d0c0c5e46f79a8a804fd71ff6b765d48baca5da0061ac213c00abffae8b,Chrome Windows,2026-05-05 09:00:00,2026-04-05 09:00:00
223,223,a9744e3a6407ac4fc01118c8813bef2c201a4cd88be89d33ff67b376b0f7a7bb,Safari iOS,2026-05-07 18:00:00,2026-04-07 18:00:00
224,224,85b7043acb8eec4471e9693aac69f3c5d727cc8b7b8794cb795baa4fbedbe521,Chrome Windows,2026-05-04 11:00:00,2026-04-04 11:00:00
225,225,ee32a8335af7287f069a384a5b28bd58ab17dd733189f22649d7e6bc5080ad80,Firefox Linux,2026-05-08 02:00:00,2026-04-08 02:00:00
226,226,45a9375b5de7188fcaf41a37b163131a8fae6b76adfea950426f4ea2e5a28830,Edge Windows,2026-05-02 03:00:00,2026-04-02 03:00:00
227,227,95bd9a420c5fef876984418910a3316961162a0fc1d6ae568ba4e55776a71714,Chrome Android,2026-05-09 04:00:00,2026-04-09 04:00:00
228,228,acfa8ae0b30cd1280e78aa90cd988aa3f30aabff760e0b9bfaae6ad1d6139aab,Chrome Windows,2026-05-02 07:00:00,2026-04-02 07:00:00
229,229,50ca0d13cd411de307b119dc62d12c50f322edb3e04c40acfad773ccf0874e8e,Chrome Android,2026-05-08 04:00:00,2026-04-08 04:00:00
230,230,6662192717a9a743f35fdb962d99020160aee5126b65654907c9a43829742ec7,Chrome Windows,2026-05-07 23:00:00,2026-04-07 23:00:00
231,231,d8b32a7239a3fe2be2f5cb9e170a71641dab09136d718603928e65b55a33768a,Edge Windows,2026-05-04 04:00:00,2026-04-04 04:00:00
232,232,1b2b6c4a74f5e82c4138cb8dd30b0bb146b0827eabd1a0ca15058814af6fc0d2,Chrome Windows,2026-05-01 00:00:00,2026-04-01 00:00:00
233,233,bb2b590f12ab862d8ae807edffe594897a508136b12db0d9e6f01fa428e1b939,Safari iOS,2026-05-02 19:00:00,2026-04-02 19:00:00
234,234,f20b5573c20e1dac56a35118269be7f7a0ffe12aaee9360a25f59ac31faa645b,Chrome Windows,2026-05-10 09:00:00,2026-04-10 09:00:00
235,235,84988e054cc10f2ed4e2234982f4f436a8b10ce986f319d29f65a2bab7b881b0,Firefox Linux,2026-05-09 20:00:00,2026-04-09 20:00:00
236,236,69b927fb7dc29e75fd77f4d6c5d8f6977f31672660ad0a1b5f4cb26a0aa3f091,Safari iOS,2026-05-05 19:00:00,2026-04-05 19:00:00
237,237,0d154d7e525850a4068d586b040c58bd1c94cf767dda79ec36596e17d84a0658,Chrome Android,2026-05-01 06:00:00,2026-04-01 06:00:00
238,238,1f8465129fc72626abebb7ad9f02811217247bd5b685d5dd336c925f85f8c528,Firefox Linux,2026-05-05 13:00:00,2026-04-05 13:00:00
239,239,f3f24e37eb04f403e0f03fbfa372606e473c6ba1e4522b3d2091252ce870c181,Firefox Linux,2026-05-01 11:00:00,2026-04-01 11:00:00
240,240,b88b9a6935bc6ec538a82f537e6ba62ed1baa6e4cc98438da92b3f732a4a79ec,Firefox Linux,2026-05-08 06:00:00,2026-04-08 06:00:00
241,241,6d01d6c72043658311d9dc1d01024aa76475ccbf7073b45dfa2c79a70c2e835c,Chrome Windows,2026-05-11 08:00:00,2026-04-11 08:00:00
242,242,1aeca6176f6fed07f2649288e3db6f112d9119ee2501aa0b29dd9aa599089f4e,Chrome Android,2026-05-05 01:00:00,2026-04-05 01:00:00
243,243,4f86f68a14ca4697c8edccd041d5b4b5dc826fba1b6f89191f43174307d241c8,Edge Windows,2026-05-03 12:00:00,2026-04-03 12:00:00
244,244,b284ea9e539efd60f5ab49895eec9a4d11336c72f56811424325186ddf65cb86,Chrome Android,2026-05-06 13:00:00,2026-04-06 13:00:00
245,245,817e957c4a21b3ad7efe1f55a7f1203ba41e4c619ece71a3f18c3f20903d2914,Safari iOS,2026-05-01 19:00:00,2026-04-01 19:00:00
246,246,09ac9c4c64ad0c8041bc5fe736d74647927214c63dacd5a75213faf3d715f773,Firefox Linux,2026-05-09 09:00:00,2026-04-09 09:00:00
247,247,afa47de1893065433091e97954e39f9158e206a08ae88983f206570746f8624e,Edge Windows,2026-05-02 23:00:00,2026-04-02 23:00:00
248,248,05c109f399ff4dbd43b6a0a8cf096739b3d7ccbbc4319ec98a1c4bd919d7966c,Edge Windows,2026-05-01 04:00:00,2026-04-01 04:00:00
249,249,09b07d82c8a45ee0034c4134b91605caf271a4280e553d4fc36ff741ff30ec5f,Chrome Android,2026-05-09 04:00:00,2026-04-09 04:00:00
250,250,b46b634d21a0058dc308d3e7529e3bb04dba9c3f111a09b2cb373142807a9646,Edge Windows,2026-05-10 16:00:00,2026-04-10 16:00:00
251,251,99c206ba8b46b76b0466afaa3f92c52f10f6031cca81656c4f89827c51169947,Firefox Linux,2026-05-05 06:00:00,2026-04-05 06:00:00
252,252,46e24beb8151faa5ab6e40379f7eac47c91d71160e1097a5e778293b9d44568c,Chrome Windows,2026-05-08 04:00:00,2026-04-08 04:00:00
253,253,11d97b9a7df954e47762afb963185d781552749c4c96f8c4cf105119b5f34a57,Chrome Android,2026-05-02 16:00:00,2026-04-02 16:00:00
254,254,29290e9d21f5b3ed086e3da1936a5b6ce06389592de323735664357c09da22f5,Chrome Windows,2026-05-11 20:00:00,2026-04-11 20:00:00
255,255,200d07478d5975939e20d24b3c695daef0e38628f78e69498b62c9e7fc815bc8,Safari iOS,2026-05-09 22:00:00,2026-04-09 22:00:00
256,256,17edd7a0321c2a63ad09a1783ab3d86ca8c1945df5a8d18c71423d5ddf4ea1fb,Firefox Linux,2026-05-02 22:00:00,2026-04-02 22:00:00
257,257,2fcccb0c3327899c211ba07bc7d13b63fa62725d9054f3a0204d584dbdfb9081,Chrome Android,2026-05-06 20:00:00,2026-04-06 20:00:00
258,258,ed40a0b9c288e2a6f17000c0686a5e44bb7c93e6ebb884fd47114bb0104c9fab,Firefox Linux,2026-05-01 19:00:00,2026-04-01 19:00:00
259,259,2a8dc56b49d4ae4348dae390cf6b04d20e6a5f4b805340f1afa99f4cfc8be04b,Chrome Windows,2026-05-03 21:00:00,2026-04-03 21:00:00
260,260,0249820d04b2e891b69840922b38ccd3a52451b1bcf31f36801bb396a0ef5e6b,Firefox Linux,2026-05-05 16:00:00,2026-04-05 16:00:00
261,261,4bb5c0950ccb9c00269fde1f4f307561fa17879e93a23000c1f7ac91fe4f533c,Edge Windows,2026-05-09 03:00:00,2026-04-09 03:00:00
262,262,5ec00feb214a483f32a623f703f8b4aa7ef5903fedf54339a41c91c6ed985207,Safari iOS,2026-05-03 01:00:00,2026-04-03 01:00:00
263,263,f6344dcd16931ddcf23462391136085af8d1dea445eb9b09c378f06034f9fa8f,Edge Windows,2026-05-02 04:00:00,2026-04-02 04:00:00
264,264,073bc2d0fb2f5fa3b4a01995b68feb3666c5d77c016a1f5cec8d8fcacc173af8,Chrome Windows,2026-05-03 10:00:00,2026-04-03 10:00:00
265,265,38ecfc2a5af891d2493065875e26ea32ecc7a2b32f33297ad9f55f450b823f09,Edge Windows,2026-05-07 18:00:00,2026-04-07 18:00:00
266,266,89e5e02a47bf23ee251f9a096c9b98a68cc931959d1acd7ac9896179f847b538,Chrome Android,2026-05-11 07:00:00,2026-04-11 07:00:00
267,267,90ffaec5c8ec423e115162ad942848786677a7a8a6f916cab81158e8ae534ea5,Safari iOS,2026-05-02 08:00:00,2026-04-02 08:00:00
268,268,5b64dd587176553439f62a435df52c380e932889a82991d158adc77d35629e4d,Firefox Linux,2026-05-06 21:00:00,2026-04-06 21:00:00
269,269,46e77c1d8bdf84148c539f3c08a3559499af8405c85c39e2dbc4cb8faf2fefcc,Firefox Linux,2026-05-11 17:00:00,2026-04-11 17:00:00
270,270,f9c730f622dd7c2f7737ccdf3fa162c5f7640c8652d00489ae633ebb66f2bfce,Safari iOS,2026-05-04 02:00:00,2026-04-04 02:00:00
271,271,cb82582aa1667b32969287dab031b3a7721e464ee8a718c40da931417cabbbe6,Firefox Linux,2026-05-07 17:00:00,2026-04-07 17:00:00
272,272,0ac34e6bfd2aed07748995359100dabd8b6617b7fad77c104c886c617bc3949a,Chrome Windows,2026-05-01 08:00:00,2026-04-01 08:00:00
273,273,a77b18fe9c76e799f642eae36d4febd9e13d8f0666e0a9722bb14b5a16d98027,Chrome Windows,2026-05-02 11:00:00,2026-04-02 11:00:00
274,274,a32f9b0d1bf26da60c47208014df38ee8cb8cf8e18aa75e82e8c9d00b787e32f,Firefox Linux,2026-05-07 22:00:00,2026-04-07 22:00:00
275,275,317f63fccda0cd3a6dd21def547f0bf9f6629eba7afeea4c97fea588bf7dce46,Safari iOS,2026-05-10 10:00:00,2026-04-10 10:00:00
276,276,6a2e2567dbd84c699b99b1770601a0e06a4ad8992980479febeae4bdbc7a4eaf,Chrome Android,2026-05-04 19:00:00,2026-04-04 19:00:00
277,277,63fd5df59b4a8bacb5eb0d91a3a8151afbf4fe3e5d41b74aabc701cd6fed58c5,Chrome Windows,2026-05-02 17:00:00,2026-04-02 17:00:00
278,278,6b41c46cf010789b93458fa19d019c79ab0ee64c0ce1982e9d307cd51c3ba811,Chrome Android,2026-05-02 21:00:00,2026-04-02 21:00:00
279,279,6e7f82a3307250a4db9a0d098733810047d89b3346696f9224343c8fa0c0d5c3,Safari iOS,2026-05-05 12:00:00,2026-04-05 12:00:00
280,280,4140e2e9fd87af865a23f299d49003c637218d623320a8e3ca3a5bf857cf16ba,Edge Windows,2026-05-11 16:00:00,2026-04-11 16:00:00
281,281,68780410cd73c0b5b3de134d5aac0143d2bf0d99ed9754aeb62173f0fd449ad8,Edge Windows,2026-05-01 14:00:00,2026-04-01 14:00:00
282,282,710812715dcd4cd0310ecdd2d69762401a15619634d1349d10fcff96b095ef77,Edge Windows,2026-05-09 19:00:00,2026-04-09 19:00:00
283,283,eaa776d6e8b215e4105b10d5a97207d166f54fe605a77c662291eadb53bd9f4e,Chrome Windows,2026-05-01 15:00:00,2026-04-01 15:00:00
284,284,be235091cbe97dbe484db75825ca3d2329043e13db341be26dd4bc8bd3e2dd98,Chrome Android,2026-05-08 15:00:00,2026-04-08 15:00:00
285,285,7f9c65dc568c3ff560477a279e66a421af28edfca2fb34487ff7920386278bdb,Edge Windows,2026-05-01 18:00:00,2026-04-01 18:00:00
286,286,38d287e66a5f6a0988349a41e289094e9951c79085aa896a1ad37e66e0197881,Chrome Android,2026-05-04 19:00:00,2026-04-04 19:00:00
287,287,09a4bb87420a0bb822a6a80ac36c6be2f86d2c9819b524892ce69b206b55e992,Edge Windows,2026-05-03 05:00:00,2026-04-03 05:00:00
288,288,d5da43ddd0e053f7bafe6ab677f0aab2641e919675e3d5971f3972408a2c2a49,Chrome Windows,2026-05-03 03:00:00,2026-04-03 03:00:00
289,289,bf27e5df34a51c83b888c8b599c2f48af4cb23eb78212ade2e779461aeea9329,Safari iOS,2026-05-03 03:00:00,2026-04-03 03:00:00
290,290,8fec1a53744a6d5e1a963f556bc2ca5866181a6d2ed8a6116956b5deb2ef6ca3,Safari iOS,2026-05-03 06:00:00,2026-04-03 06:00:00
291,291,497ff0a94af73c111b32e168dd38cb71b9f0cb9dc78506fcc06bf950276409c4,Safari iOS,2026-05-11 16:00:00,2026-04-11 16:00:00
292,292,47c53a362dbc913e53d85e37f58b23a1b72d9a653cf90c1eb4be4f24c900ea76,Chrome Windows,2026-05-02 14:00:00,2026-04-02 14:00:00
293,293,ab61828b00d20fdeee951714d0b937589a0cf7c806a6f5393d8d28b7da6f2d42,Chrome Android,2026-05-10 07:00:00,2026-04-10 07:00:00
294,294,6657b149df6eccd2bc4a31777f6b6a92bff50215dd06b005470eeb59d16de08a,Firefox Linux,2026-05-03 10:00:00,2026-04-03 10:00:00
295,295,50581cfddb0fe040edba9ab45e2ca3e1d6c0605533927599e8414187f0506127,Firefox Linux,2026-05-02 14:00:00,2026-04-02 14:00:00
296,296,9814b581246a0f1bf4f8fc234a80a77c80253e6fe03e86d0f96c674d41f40e1c,Edge Windows,2026-05-10 02:00:00,2026-04-10 02:00:00
297,297,85e78004ebf61ebb3e131fda1dfb938997477db0068a8b9a6fd6e69413462504,Firefox Linux,2026-05-06 01:00:00,2026-04-06 01:00:00
298,298,95f03a9f45af5d990b24d1349c195ac03b61a6a17602a09a6ff2f7290b9911b6,Edge Windows,2026-05-05 03:00:00,2026-04-05 03:00:00
299,299,0c756256af6af9264fdecf686b64d7563a61b22942b7d1c005d2da1c8062310b,Firefox Linux,2026-05-08 22:00:00,2026-04-08 22:00:00
300,300,2ea26ecced59fe41bb80c205481dace7c117ec1c0f0a5e5df74e5469bf22e9b3,Chrome Windows,2026-05-04 04:00:00,2026-04-04 04:00:00
