id,fullname,email,password_hash,profile_image,created_at,updated_at
1,Wahyu Saputra,wahyu.saputra1@example.com,96ace8d36b7a2c1423aa3886b70101fab26c0cd22733bdd78bc64aa88e56c560,https://cdn.example.com/profiles/1.png,2025-08-19 01:00:00,2025-09-06 01:00:00
2,Rani Saputra,rani.saputra2@campusmail.id,54b54df2925579db43e616310494e29e6667dd72daa5a9beb4afc68b4d23d741,https://cdn.example.com/profiles/2.png,2025-03-18 06:00:00,2025-06-02 06:00:00
3,Nadia Pratama,nadia.pratama3@example.com,5d2aea724fe1e5dd899fcb45f541f6b10c61c65ff5f2922b03d48d1a26f854ef,,2025-08-24 16:00:00,2025-11-10 16:00:00
4,Alya Kurniawan,alya.kurniawan4@example.com,93523b0761950a989173d6870b82065494d82b9159d837fe5a2d420d511eabe9,https://cdn.example.com/profiles/4.png,2025-03-17 19:00:00,2025-04-15 19:00:00
5,Oki Permata,oki.permata5@studentmail.ac.id,d84def102e47bcb985144f28ca28e18e36a73cfd84e3cedf29d2bbef08343078,https://cdn.example.com/profiles/5.png,2025-12-19 03:00:00,2026-03-19 03:00:00
6,Nadia Putri,nadia.putri6@studentmail.ac.id,fd8c410abe01fb5d401af2868f3d84f03aaba6a418e2e5236d792e655a25c0ca,,2025-07-03 05:00:00,2025-07-15 05:00:00
7,Maya Saputra,maya.saputra7@studentmail.ac.id,fba553031734c4bdcfc0e7dda851ee7f9dbf4417befc9efb668a82d80ff9a53e,https://cdn.example.com/profiles/7.png,2025-08-09 07:00:00,2025-10-07 07:00:00
8,Salsa Saputra,salsa.saputra8@studentmail.ac.id,756201d9d7d5d9ce74a808606eb623c0c49ede779a2c3540ebae68ab9c22510d,,2025-07-24 12:00:00,2025-10-12 12:00:00
9,Bayu Febriani,bayu.febriani9@studentmail.ac.id,660a99104fffa50840626984d44246ee42ce2e6a0db7043506ce2db7efec880f,https://cdn.example.com/profiles/9.png,2025-11-17 07:00:00,2026-02-10 07:00:00
10,Hana Nugroho,hana.nugroho10@studentmail.ac.id,e091763eee0b5df20654d3a61b515314d16093e4269e6b25296fa78d15217efc,https://cdn.example.com/profiles/10.png,2025-08-25 05:00:00,2025-10-13 05:00:00
11,Iqbal Azzahra,iqbal.azzahra11@campusmail.id,74f2e5a4313eb686da2d77a56c1a318bbef3c23a7b56a839cd12eb30d4712436,https://cdn.example.com/profiles/11.png,2025-09-29 21:00:00,2025-11-14 21:00:00
12,Gita Hidayat,gita.hidayat12@studentmail.ac.id,02144c60c9c3736fa452d38be791303b6ff925f0821eb23cde404c053c5cc316,https://cdn.example.com/profiles/12.png,2025-11-15 13:00:00,2026-02-05 13:00:00
13,Fajar Kurniawan,fajar.kurniawan13@campusmail.id,939a934e94063b8be1340861c36d049db326f801e4caa1fde215601d576c6f5b,,2025-04-29 20:00:00,2025-06-03 20:00:00
14,Sinta Hidayat,sinta.hidayat14@campusmail.id,5ad7f1097ce088367e8e1ba9708cb101d0bcb9cbe3caafe3ad41a86ed8f1197f,https://cdn.example.com/profiles/14.png,2025-07-09 07:00:00,2025-08-08 07:00:00
15,Ilham Pratama,ilham.pratama15@studentmail.ac.id,7178ed6bdb8be1e80d5fd07561317bc848f02b1b81152182fd9c1cadd78682cf,https://cdn.example.com/profiles/15.png,2025-11-19 02:00:00,2026-01-31 02:00:00
16,Bayu Anjani,bayu.anjani16@studentmail.ac.id,b961b16bc3138bf3c828e86cec08eb610a2c7a1a09930c95970fe01e62b4bc24,,2025-04-10 20:00:00,2025-07-02 20:00:00
17,Oki Lestari,oki.lestari17@studentmail.ac.id,31eecc463d6a6b4f3a42745c21990ba0cad6941bc54c7edadc0aac67eb933e28,,2025-03-09 15:00:00,2025-04-12 15:00:00
18,Rani Permata,rani.permata18@studentmail.ac.id,3f9418ebc0530972775d097add1b5c0d3c1ff1e6b918c6d067338599983b4675,https://cdn.example.com/profiles/18.png,2025-05-31 21:00:00,2025-06-29 21:00:00
19,Eka Kurniawan,eka.kurniawan19@studentmail.ac.id,784c68032b0a5ef07f170ee42f5d76da1262f2b35bf0b3e08bda18c6120f1174,,2025-11-28 05:00:00,2025-12-18 05:00:00
20,Wahyu Lestari,wahyu.lestari20@campusmail.id,cda88f799e1e71436d243494684922e26d2c1ca6f562a73f2a4572ae448d0cf0,https://cdn.example.com/profiles/20.png,2025-11-19 20:00:00,2026-01-07 20:00:00
21,Vina Azzahra,vina.azzahra21@campusmail.id,8b6e7d1dd213d8335dd57f957c895400d908d1ca015eb6ba636e6d2f86ecd50c,https://cdn.example.com/profiles/21.png,2025-03-14 08:00:00,2025-06-10 08:00:00
22,Rani Saputra,rani.saputra22@campusmail.id,369763e71e5dfaaf71250695dd141d993d686eeee1167d6b11ac9caed313b6f4,https://cdn.example.com/profiles/22.png,2025-08-07 12:00:00,2025-09-20 12:00:00
23,Dimas Ramadhan,dimas.ramadhan23@studentmail.ac.id,86b210b873fc9e9bc1e4c3285bc058a632e97b265f823db1ad91ff217f65c6a1,,2025-12-20 09:00:00,2026-01-23 09:00:00
24,Raka Nugroho,raka.nugroho24@example.com,3f80fdbd01194dd3ab2f07f0633f99bcccd1c28360bfdcaed9764eccd0c7b8a3,https://cdn.example.com/profiles/24.png,2025-10-28 12:00:00,2025-12-06 12:00:00
25,Ilham Hidayat,ilham.hidayat25@campusmail.id,8e97e6642034180b755b861173e065a09a632aa6855e5bbe50df5871b8ffe3c8,https://cdn.example.com/profiles/25.png,2025-10-04 21:00:00,2025-10-25 21:00:00
26,Salsa Nugroho,salsa.nugroho26@campusmail.id,4bc01f31330063b5f2b44728207834981ff6ae9d331145bc55fce43c425a7f39,https://cdn.example.com/profiles/26.png,2025-07-09 17:00:00,2025-07-12 17:00:00
27,Dimas Santoso,dimas.santoso27@studentmail.ac.id,1ba971a0beaa1b9e83d7d765ab2823bc5988299d30f58209f8cd7f33e6653a2c,https://cdn.example.com/profiles/27.png,2025-07-18 01:00:00,2025-07-26 01:00:00
28,Hana Santoso,hana.santoso28@campusmail.id,0fb7319ae19de8202849971dd6e590e4e6b0301df45f5b92de6b57857d004809,https://cdn.example.com/profiles/28.png,2025-11-08 09:00:00,2026-01-10 09:00:00
29,Ilham Saputra,ilham.saputra29@campusmail.id,dca5e56776f3929cace61e40820bbceedb1863c590e6acd32a41c6a17463ba02,https://cdn.example.com/profiles/29.png,2025-10-17 11:00:00,2025-12-17 11:00:00
30,Salsa Lestari,salsa.lestari30@studentmail.ac.id,5f5accf3f8385a933cce118a13d428d3cb5b1e97c720a7fac84119dad50580e7,https://cdn.example.com/profiles/30.png,2025-05-20 02:00:00,2025-07-29 02:00:00
31,Arif Anjani,arif.anjani31@campusmail.id,3e83631e19261fe892e0611c1cd32e06a145a04a2eb7ba34613b6965d4a7d923,,2025-07-15 20:00:00,2025-10-09 20:00:00
32,Wahyu Putri,wahyu.putri32@studentmail.ac.id,eab67c8ba6a84a8063d1b0abe530868a0531b1929cef7395d98a2541c0e20a0e,https://cdn.example.com/profiles/32.png,2025-05-05 05:00:00,2025-06-06 05:00:00
33,Hana Saputra,hana.saputra33@studentmail.ac.id,950ba7448bad5b6ddc75c97659ea85a0ac6198cb18f8bbca42d99d19cd957656,,2025-03-14 01:00:00,2025-05-29 01:00:00
34,Hana Pratama,hana.pratama34@example.com,857a69a0b8bf9a0dc1f57df5ce215297c73cd09fdba06c5a5fcf9dc1177691cc,https://cdn.example.com/profiles/34.png,2025-11-22 01:00:00,2025-12-01 01:00:00
35,Bayu Pratama,bayu.pratama35@studentmail.ac.id,f7a2c875c66473a053d4ce876bb7bf464618d2d5892d7de4f08b4a35f31cbb76,,2025-08-23 00:00:00,2025-11-17 00:00:00
36,Putri Wijaya,putri.wijaya36@campusmail.id,fb9b6cdcfe86e4d528c7e59f97332e726c608cf638d5d21caf7a939ba95f5a93,,2025-03-04 14:00:00,2025-05-04 14:00:00
37,Hana Nugroho,hana.nugroho37@studentmail.ac.id,6491cc0182256c0ef9852a413a1dd2fb1b6a8f1715bc70fd4310459dd7400857,https://cdn.example.com/profiles/37.png,2025-09-16 05:00:00,2025-09-29 05:00:00
38,Yuni Maulana,yuni.maulana38@studentmail.ac.id,10c4dfafb6a5bca9d2a77aa6dd89b58b68409051292954547fac5e667c66e966,https://cdn.example.com/profiles/38.png,2025-04-26 09:00:00,2025-05-03 09:00:00
39,Yuni Hidayat,yuni.hidayat39@campusmail.id,466f088fd95950ef2857eff7f71b12d870566bbbd6a9c22d98991ffe4092b55f,,2025-05-29 09:00:00,2025-07-12 09:00:00
40,Dewi Febriani,dewi.febriani40@example.com,3d2f0706d1b72f884ecfd6d3381ac486c9b92544973d91aafe1adfa52dee1e47,,2025-09-15 15:00:00,2025-11-12 15:00:00
41,Eka Maulana,eka.maulana41@example.com,348fb87421084d41c26ecff4aa1e6525d4089b45a4bdcee7693afee823aa65fb,https://cdn.example.com/profiles/41.png,2025-08-17 06:00:00,2025-10-13 06:00:00
42,Dewi Febriani,dewi.febriani42@campusmail.id,5816c9e7ffc1277d9bbc607035d4c2ca4e5b337a41349fbd7b0450af0f303152,,2025-03-21 08:00:00,2025-04-02 08:00:00
43,Sinta Nugroho,sinta.nugroho43@example.com,33ccc780516af1dc3a9ec65521d0412c43b38a612291e3885710191ec281bb04,,2025-04-17 17:00:00,2025-05-15 17:00:00
44,Nisa Maulana,nisa.maulana44@example.com,dfdcf85f6564542dc7a53b61452c712da214e8190fc1976ea69f531df63c04bc,,2025-12-20 20:00:00,2026-01-23 20:00:00
45,Sinta Nugroho,sinta.nugroho45@studentmail.ac.id,323bc473b001e1feaf4bb81648c8e8063f16fb7b2c01d1eb79508686022ca0b0,https://cdn.example.com/profiles/45.png,2025-03-12 11:00:00,2025-05-14 11:00:00
46,Eka Wijaya,eka.wijaya46@studentmail.ac.id,56a2bf45c8496596e2264f1a4844c5f485b91bdc96bc1a25ebb0f9f4e67ab06f,,2025-11-22 14:00:00,2026-01-31 14:00:00
47,Bima Anjani,bima.anjani47@studentmail.ac.id,38e807d29e99df1a8da75674ed5843b6fde1ace0b2d5a1ba3f64b3b48a325616,,2025-02-25 17:00:00,2025-05-01 17:00:00
48,Sinta Febriani,sinta.febriani48@campusmail.id,c2d02c610797ac3740438c2feb7953df02dfcc34b7ea0c467a1bb7eaa2d62d21,,2025-04-06 06:00:00,2025-04-30 06:00:00
49,Citra Permata,citra.permata49@example.com,602dd9cc5501e07beb446eb4d998d06be17265bff56b20500b7167a5a7729427,https://cdn.example.com/profiles/49.png,2025-08-23 20:00:00,2025-09-08 20:00:00
50,Bayu Permata,bayu.permata50@example.com,4a9e1a6c7ccc2cd82dd7fb4a168eb62ddf87cf667b2f2d365186e45f2be11c4f,https://cdn.example.com/profiles/50.png,2025-12-01 13:00:00,2025-12-12 13:00:00
51,Nadia Hidayat,nadia.hidayat51@campusmail.id,9fd5b34cef9848ec5f922f28a4e00c2681fce5cbcbffea706f5182ca395e34f0,https://cdn.example.com/profiles/51.png,2025-07-14 00:00:00,2025-08-10 00:00:00
52,Yuni Anjani,yuni.anjani52@studentmail.ac.id,90974c6885491ed417260224744501806c79bfd89a2805e1f5b5ab770cb03ea4,,2025-06-03 04:00:00,2025-08-28 04:00:00
53,Wahyu Ramadhan,wahyu.ramadhan53@studentmail.ac.id,bca45e091f6c202283a712084d70b5683012bbbcc1a4958e8c9b25a3bb00727f,https://cdn.example.com/profiles/53.png,2025-11-15 08:00:00,2026-01-13 08:00:00
54,Vina Permata,vina.permata54@example.com,5f866ba11ed0b29cb8916fc8e935c992deef19b847f9c607d79877942fb47d64,,2025-09-03 16:00:00,2025-10-07 16:00:00
55,Eka Santoso,eka.santoso55@studentmail.ac.id,663f17a04494e1c3e7bb6b861a2b6b37435d60501b59c6a98780dacfcddda913,https://cdn.example.com/profiles/55.png,2025-08-18 21:00:00,2025-09-24 21:00:00
56,Fajar Azzahra,fajar.azzahra56@campusmail.id,1bdd23ccbd858fb6deaef0b015c22cea35a4145cdafb842f9fdd17989115caf5,https://cdn.example.com/profiles/56.png,2025-03-27 08:00:00,2025-06-21 08:00:00
57,Ilham Kurniawan,ilham.kurniawan57@studentmail.ac.id,1ebfe6772127d4d3cb9ed15468f5aa3cf1e65b67929d0b9d75cf776bc8c4c4e8,https://cdn.example.com/profiles/57.png,2025-10-30 04:00:00,2025-12-03 04:00:00
58,Dimas Santoso,dimas.santoso58@example.com,5fc66e0f3d211ded4135d88cbe1227568da55fe67e49c7f04b8d92ca37bcf7ac,https://cdn.example.com/profiles/58.png,2025-10-04 00:00:00,2025-11-10 00:00:00
59,Vina Wijaya,vina.wijaya59@campusmail.id,139b083cd8d0e91cfa4106329652f97d8c4b1cacfe24e244ccc3f5007bae56f9,https://cdn.example.com/profiles/59.png,2025-08-08 16:00:00,2025-10-10 16:00:00
60,Iqbal Santoso,iqbal.santoso60@example.com,b0bcd7ee1fe20d994b00e84a0379ee516173ff2b3f085a327be450b6400954e7,,2025-05-20 00:00:00,2025-05-26 00:00:00
61,Alya Putri,alya.putri61@example.com,c8d4296d5a7106e4c63078ac1e0685cd5e212e9ef4bff794405fa3ccd32f8c43,https://cdn.example.com/profiles/61.png,2025-08-10 03:00:00,2025-10-06 03:00:00
62,Salsa Anjani,salsa.anjani62@studentmail.ac.id,8bc8b72678a4125c1f0fde381761bbce302998eb2c986698a95d99f84c2b8cd4,https://cdn.example.com/profiles/62.png,2025-10-26 06:00:00,2026-01-23 06:00:00
63,Bayu Lestari,bayu.lestari63@campusmail.id,60ca1d50acbbcffdc81c67bd5a5bc77543596415e6f62b1348f7a8e05996bfd7,,2025-06-15 14:00:00,2025-08-25 14:00:00
64,Eka Maulana,eka.maulana64@example.com,6ec82f073a2ebcf91533ed20a838613298e4095dcc6f1eeaaa443da7d33747d4,,2025-06-19 07:00:00,2025-08-04 07:00:00
65,Gita Hidayat,gita.hidayat65@example.com,2fa2b47ce26a94b7cc4279cd41ff7e1251b235883cf23cd7da279d54f5ad41d8,https://cdn.example.com/profiles/65.png,2025-06-23 15:00:00,2025-08-15 15:00:00
66,Vina Anjani,vina.anjani66@example.com,e10a5983086645220c32feab9e024f2b98228e1231f50fc709b321537312bc95,https://cdn.example.com/profiles/66.png,2025-08-23 03:00:00,2025-09-15 03:00:00
67,Bayu Maulana,bayu.maulana67@example.com,226095adf3e3759b676548f4dfd75148ba9b3006f41cc8215c04befcb2efd75f,,2025-07-04 19:00:00,2025-09-28 19:00:00
68,Nisa Anjani,nisa.anjani68@example.com,3e31b066b98b6d5ab25166cfb9dd813a4522a41059e43bf99f27c0d2c35034d0,https://cdn.example.com/profiles/68.png,2025-10-27 20:00:00,2025-11-01 20:00:00
69,Nisa Azzahra,nisa.azzahra69@example.com,c9f61642afaf3fd130a77808881b672d5644b584c4ce38ffe931055c1734642b,,2025-04-30 21:00:00,2025-06-09 21:00:00
70,Ilham Nugroho,ilham.nugroho70@example.com,c544cc9ec203c50160b3a60b75aa88da3d2edbc44525ddc6fc9c353d41581a4a,,2025-09-14 20:00:00,2025-10-27 20:00:00
71,Iqbal Febriani,iqbal.febriani71@example.com,505d038e7dd9aed9341a7078b1e36ea602f8cdedd0c8a9f8d05f8fed393f1ef8,https://cdn.example.com/profiles/71.png,2025-08-01 21:00:00,2025-10-23 21:00:00
72,Raka Maulana,raka.maulana72@campusmail.id,4ce72b6a02095fc34f4dcdcd7c430a4a82b7b383804484a8b3fe5e8445ded4b0,https://cdn.example.com/profiles/72.png,2025-03-22 22:00:00,2025-03-26 22:00:00
73,Dimas Santoso,dimas.santoso73@studentmail.ac.id,ac5ffa5ef59cb86b49396b5686288f96347a829b7341c384fe889a9f1d23773b,,2025-08-09 07:00:00,2025-08-23 07:00:00
74,Vina Maulana,vina.maulana74@studentmail.ac.id,a592afc4fd44e016b59ddf83f6fce9eeb48c5d71bf3519db7a9ec2dad1258cc1,https://cdn.example.com/profiles/74.png,2025-07-14 19:00:00,2025-09-30 19:00:00
75,Raka Saputra,raka.saputra75@studentmail.ac.id,12a5dc9745f410f9d79fa136f9c5e7613f329c10f71dae7d45a83c1d43d1e2b7,https://cdn.example.com/profiles/75.png,2025-09-16 00:00:00,2025-09-22 00:00:00
76,Zaki Maulana,zaki.maulana76@example.com,1ccb8a9a0c71c7871a3fce2d6fe4c27dbce1eb62e0dfa9e74cd53e1d54eb6b49,https://cdn.example.com/profiles/76.png,2025-03-21 11:00:00,2025-06-15 11:00:00
77,Gita Putri,gita.putri77@studentmail.ac.id,4416b6e143773d92bf7f541e453b66f8ba99cb659c105d28b99baf8fe04980ae,,2025-07-05 13:00:00,2025-08-15 13:00:00
78,Yuni Febriani,yuni.febriani78@example.com,cf2ab0b4b1f46cc5a459f4582daf1adb7e44dcd9bb024c9d498f2272210eacbf,https://cdn.example.com/profiles/78.png,2025-07-21 16:00:00,2025-08-30 16:00:00
79,Yuni Maulana,yuni.maulana79@studentmail.ac.id,011a3a7aa49477072c3652d8aa6fcc54c942d87ed3398737aabea5638ef0d62c,https://cdn.example.com/profiles/79.png,2025-07-23 15:00:00,2025-08-09 15:00:00
80,Gita Maulana,gita.maulana80@campusmail.id,8ea99cd83254c847f6498f687f3868743a741360699487ac04269d8cf0bc189c,https://cdn.example.com/profiles/80.png,2025-09-23 13:00:00,2025-12-05 13:00:00
81,Jihan Maulana,jihan.maulana81@campusmail.id,59ce6c2b0ce14acef1956696d90ca08936a611cc410614a50fad9bb3848b98cd,https://cdn.example.com/profiles/81.png,2025-07-19 23:00:00,2025-08-15 23:00:00
82,Nadia Nugroho,nadia.nugroho82@campusmail.id,f825b483e23895c366c454b8286e0ca7853ce44cb3d6d76163f144d0fc3fd752,https://cdn.example.com/profiles/82.png,2025-07-10 18:00:00,2025-09-05 18:00:00
83,Oki Hidayat,oki.hidayat83@example.com,f30581c7de8f99f27a95c115b2fd24aae3e3527f6940e512131d2ed319325c0f,https://cdn.example.com/profiles/83.png,2025-09-26 11:00:00,2025-10-07 11:00:00
84,Jihan Kurniawan,jihan.kurniawan84@campusmail.id,53e1cb6b1066a3ba06ecb0eec9fcfce8f5d8125edb2e36ea19acd6fe26f31267,https://cdn.example.com/profiles/84.png,2025-07-04 06:00:00,2025-08-04 06:00:00
85,Yuni Ramadhan,yuni.ramadhan85@example.com,f01a3d91d24985970639b7386059fe5b77936dc3a3842578eba41cca7b3dbf72,https://cdn.example.com/profiles/85.png,2025-10-08 08:00:00,2025-10-14 08:00:00
86,Hana Azzahra,hana.azzahra86@campusmail.id,78e5611a84347f8ed522dffc62810f5afa1f55e96e04ca1d55956aff8c8968e8,https://cdn.example.com/profiles/86.png,2025-11-14 18:00:00,2026-01-07 18:00:00
87,Bayu Hidayat,bayu.hidayat87@campusmail.id,8f431f24038f1bd0035ddd98fc5436d4595a9fa5a7b620ab319fe6e70f9903cd,,2025-06-08 17:00:00,2025-07-30 17:00:00
88,Hana Lestari,hana.lestari88@campusmail.id,f8792e4dfcd2b98ab7fe24ed28abf6d3ce8e77a52a127f95832c25228e9024dd,https://cdn.example.com/profiles/88.png,2025-10-28 19:00:00,2025-11-26 19:00:00
89,Fajar Nugroho,fajar.nugroho89@campusmail.id,41168c104ad0a8d40d137b5e2195f8c57a9441b4119f8b26241c520f6ed5e472,https://cdn.example.com/profiles/89.png,2025-11-26 15:00:00,2025-12-28 15:00:00
90,Sinta Febriani,sinta.febriani90@example.com,5d7e4d893bfd030ba0fa51f439a007b6f0f5806a17eab3a18fed407a34e56388,https://cdn.example.com/profiles/90.png,2025-04-28 11:00:00,2025-07-05 11:00:00
91,Salsa Permata,salsa.permata91@studentmail.ac.id,d96fa0a9611debd33b1bf8c75606612401f46197bb376eb90d1ea69057cc72e5,https://cdn.example.com/profiles/91.png,2025-05-09 13:00:00,2025-07-13 13:00:00
92,Nadia Febriani,nadia.febriani92@campusmail.id,ca3142b3c0cebc6852f91cf357ba3b78cf93a36d4ebadd99cc7e7b75b4e07530,https://cdn.example.com/profiles/92.png,2025-10-01 09:00:00,2025-12-01 09:00:00
93,Oki Ramadhan,oki.ramadhan93@example.com,5c5de900731e9ff84fab49c41f7aa3c5e297d95b073512b297b8e793b4543575,https://cdn.example.com/profiles/93.png,2025-08-02 16:00:00,2025-10-04 16:00:00
94,Wahyu Wijaya,wahyu.wijaya94@studentmail.ac.id,bd981e8c78af8347d3317c623723ab5824593b9b6d1ef8532c64be5050b23015,https://cdn.example.com/profiles/94.png,2025-07-29 01:00:00,2025-09-02 01:00:00
95,Kevin Putri,kevin.putri95@campusmail.id,a692f1b684a23dd868eebf6117a43c464428d6009fae29935173880129281f1d,,2025-10-06 01:00:00,2025-11-25 01:00:00
96,Zaki Lestari,zaki.lestari96@campusmail.id,04c0003083da4d5e8f8054bcac1038cf0886e741db429d47ff6836c78cf28187,,2025-05-23 19:00:00,2025-07-05 19:00:00
97,Salsa Azzahra,salsa.azzahra97@studentmail.ac.id,cf97571c7852f4a7883f6babf1bafc9770800fd36b265f26f6c464c16bc3c00c,,2025-05-20 20:00:00,2025-08-03 20:00:00
98,Zaki Pratama,zaki.pratama98@campusmail.id,481d256e58929c92eee95ca773fd5f5211001e2ab261bc596152341195249337,https://cdn.example.com/profiles/98.png,2025-12-18 21:00:00,2026-01-26 21:00:00
99,Arif Maulana,arif.maulana99@studentmail.ac.id,6dcc9d1ab604192a6d92081bbc839883d6c1278d08fc5ca4739648e5d639fd79,https://cdn.example.com/profiles/99.png,2025-03-17 13:00:00,2025-04-15 13:00:00
100,Putri Wijaya,putri.wijaya100@studentmail.ac.id,4ceb66733b0cd97836e7d528ead7cc07a65e4a316a90da80d23d14fe882a13bb,https://cdn.example.com/profiles/100.png,2025-12-07 20:00:00,2026-01-20 20:00:00
101,Yuni Hidayat,yuni.hidayat101@studentmail.ac.id,be30b96629cbb2e124c11be9d972fc933abda69f93345b4bc3638d84827d80de,https://cdn.example.com/profiles/101.png,2025-04-27 04:00:00,2025-07-16 04:00:00
102,Salsa Pratama,salsa.pratama102@studentmail.ac.id,37a2f7ddc38d1f0788490122661354e361c81f0482cdbb912b400c96024059b9,https://cdn.example.com/profiles/102.png,2025-12-09 06:00:00,2026-03-02 06:00:00
103,Nadia Lestari,nadia.lestari103@studentmail.ac.id,07b35565c91aa65f91c42415903b1087c1584a3a48d435e429c2e9ab4959f5cd,,2025-08-10 20:00:00,2025-09-21 20:00:00
104,Gita Azzahra,gita.azzahra104@studentmail.ac.id,0c8288a64cbf784cba75788f770642300b34db9b60d38e476cdd84a477b06a9a,https://cdn.example.com/profiles/104.png,2025-06-11 00:00:00,2025-08-04 00:00:00
105,Iqbal Febriani,iqbal.febriani105@example.com,97cfc2428b67871d7a3bbbb14c70b17e672f33b76d8b5bb7e315e87290f8f7f4,https://cdn.example.com/profiles/105.png,2025-03-21 07:00:00,2025-05-05 07:00:00
106,Hana Hidayat,hana.hidayat106@example.com,a3b66345e9a2f8c8c8c164648f4b368294f8865190b5b355f505cc323e2d70cc,https://cdn.example.com/profiles/106.png,2025-12-02 08:00:00,2026-01-03 08:00:00
107,Gita Febriani,gita.febriani107@example.com,ba3ad16c3402e5b052a0f803a83f5f086b7f17c627561b7a0cb27e6e9fb52af9,https://cdn.example.com/profiles/107.png,2025-08-22 04:00:00,2025-10-22 04:00:00
108,Yuni Saputra,yuni.saputra108@campusmail.id,7e723011bc70c2228055f9f668266272ff66a78c5eed67c16f31166b464e6a0c,https://cdn.example.com/profiles/108.png,2025-04-27 10:00:00,2025-05-30 10:00:00
109,Arif Putri,arif.putri109@example.com,43a2e3ae5b968d27f9da8b868459d7fc49bde5921c483a90b47a39aaa9e4abe3,https://cdn.example.com/profiles/109.png,2025-10-25 03:00:00,2025-12-04 03:00:00
110,Dimas Permata,dimas.permata110@example.com,91e389c1697f33bdcc31b0701abe32cffbe1b659646126bc757dbd277ac3fafb,https://cdn.example.com/profiles/110.png,2025-03-02 11:00:00,2025-04-20 11:00:00
111,Maya Anjani,maya.anjani111@example.com,e0b7aaaf8c3b1fc39b29b6958184ff63d6f18b17c70f44ce286da715f5030e50,,2025-08-20 05:00:00,2025-11-18 05:00:00
112,Arif Ramadhan,arif.ramadhan112@campusmail.id,b3a77513553874068e812637e0709d0dcf06babf0ea72bcc41d01fa8429f28d4,https://cdn.example.com/profiles/112.png,2025-10-21 14:00:00,2025-10-27 14:00:00
113,Lutfi Kurniawan,lutfi.kurniawan113@studentmail.ac.id,02166a479f3a3d28ac01be8ab5f2d0ef2d83a3a0f8299c51ef88c1ea53b135e0,https://cdn.example.com/profiles/113.png,2025-11-16 16:00:00,2026-02-07 16:00:00
114,Kevin Pratama,kevin.pratama114@studentmail.ac.id,a7d188a5efe2622c6e4c7a313a8e3053e9fe38440179890eac2b3d329fe6a9a8,https://cdn.example.com/profiles/114.png,2025-10-28 19:00:00,2025-12-14 19:00:00
115,Wahyu Santoso,wahyu.santoso115@studentmail.ac.id,dcfd7a2f7a4de0cdd548fe3ac285935243d48cd489b185e14a15421def6c639a,https://cdn.example.com/profiles/115.png,2025-05-14 03:00:00,2025-07-20 03:00:00
116,Wahyu Ramadhan,wahyu.ramadhan116@campusmail.id,a7ccab123cf95e5b6bac261a317aa5d8a1fb4b63806dfbfbda70a48b5cb91c70,https://cdn.example.com/profiles/116.png,2025-03-21 17:00:00,2025-05-20 17:00:00
117,Nadia Febriani,nadia.febriani117@campusmail.id,4dc5b6996f610af5f960b00d7a842e925510d55b3720fcf9091e67f0bc879c24,https://cdn.example.com/profiles/117.png,2025-07-10 01:00:00,2025-07-22 01:00:00
118,Iqbal Santoso,iqbal.santoso118@studentmail.ac.id,7c4eaebe5d01d52a318f2e99525d78041e2bda121a4f6fb543904d28d1b77d1b,,2025-04-28 14:00:00,2025-07-16 14:00:00
119,Yuni Maulana,yuni.maulana119@studentmail.ac.id,da431a55c7d9502d368a227a47533fe9d3cefb81cd179c5e2041056e60843fac,,2025-07-09 03:00:00,2025-09-10 03:00:00
120,Gita Putri,gita.putri120@studentmail.ac.id,bd8b768fbbde697e5a2e2f757bc115914e19aae2e418feaa7bc06e85328bb994,https://cdn.example.com/profiles/120.png,2025-08-02 15:00:00,2025-08-04 15:00:00
121,Raka Wijaya,raka.wijaya121@example.com,52cb598e99656540f68c0cfd53b40d228f73484e1fab929bccf7e707a756ffec,,2025-05-27 17:00:00,2025-08-07 17:00:00
122,Arif Wijaya,arif.wijaya122@campusmail.id,9fe36efc8acf917115e2e339184b588c136f2298cd7c0fe815a41607e392138a,https://cdn.example.com/profiles/122.png,2025-04-14 18:00:00,2025-04-17 18:00:00
123,Citra Ramadhan,citra.ramadhan123@example.com,5d752c7e8b3e7d63d7ec24214db5dcaf960b94d06a07cb5f91d1bbd4e1a963a2,https://cdn.example.com/profiles/123.png,2025-08-19 23:00:00,2025-11-12 23:00:00
124,Tio Putri,tio.putri124@studentmail.ac.id,5131ffffbf419c05f62789c31ae7bd54c919255a2c328c2b0f537689f5a77f41,https://cdn.example.com/profiles/124.png,2025-06-28 19:00:00,2025-09-07 19:00:00
125,Kevin Putri,kevin.putri125@campusmail.id,5dfb464a09366134ea80220a221f2b7cba9be44330b7c2ea3fb41bf6f1905016,https://cdn.example.com/profiles/125.png,2025-07-19 00:00:00,2025-08-18 00:00:00
126,Dimas Anjani,dimas.anjani126@example.com,8d705a0f5c37a9e7e2b5a4575b2b0fd7301b5e3036b8d33b3b3dd018b7aac354,https://cdn.example.com/profiles/126.png,2025-03-22 10:00:00,2025-04-15 10:00:00
127,Gita Wijaya,gita.wijaya127@campusmail.id,7fc484f824e8aa7d5981fbeccb03d7f9d3379e35343b201b5b19f05648568faf,https://cdn.example.com/profiles/127.png,2025-03-28 13:00:00,2025-05-04 13:00:00
128,Dimas Febriani,dimas.febriani128@example.com,1caf493fcc3730d21002258248d434250d3bc4da149ca8b7fe4a60b659febc57,https://cdn.example.com/profiles/128.png,2025-06-21 03:00:00,2025-07-30 03:00:00
129,Alya Anjani,alya.anjani129@campusmail.id,5c43f77d446952d993f87fa41e01572ae2aa2f09bcf654334b0b6483229db235,,2025-11-29 07:00:00,2026-02-08 07:00:00
130,Jihan Anjani,jihan.anjani130@example.com,646a56cf1001be219e0416c67e980009e598f11663ca2527f8bf918eb1003615,https://cdn.example.com/profiles/130.png,2025-04-15 05:00:00,2025-04-17 05:00:00
131,Tio Ramadhan,tio.ramadhan131@studentmail.ac.id,05810f96d0a8b339763b514854a49014bd5f73b67c17bf9b889abd30d81de3fb,https://cdn.example.com/profiles/131.png,2025-07-01 03:00:00,2025-07-08 03:00:00
132,Iqbal Febriani,iqbal.febriani132@studentmail.ac.id,46fffdc5a4b2cf4763d7e1728edfbd4584a30898d15f0cead287a58e31ab2d37,,2025-11-18 20:00:00,2026-01-20 20:00:00
133,Citra Permata,citra.permata133@campusmail.id,e6d8e22010e15a62b995c74c86958bb5f958cb3a679f712f9341e70537ae9163,https://cdn.example.com/profiles/133.png,2025-10-06 04:00:00,2025-12-18 04:00:00
134,Jihan Saputra,jihan.saputra134@example.com,0c989a673d7c58843f149607d871ac070426c7442f0f504abae9563ce7f31142,,2025-05-22 13:00:00,2025-08-07 13:00:00
135,Dewi Permata,dewi.permata135@example.com,4e8b3310892176a8a301c603fd628d1eee9b9400600b94ee6613d14b9add9b75,https://cdn.example.com/profiles/135.png,2025-06-10 18:00:00,2025-08-06 18:00:00
136,Jihan Febriani,jihan.febriani136@campusmail.id,0b962f19cc3122eb8745a2029123c43020a366a3c5a5e44e3dd45545bf7c05d3,https://cdn.example.com/profiles/136.png,2025-07-18 14:00:00,2025-10-06 14:00:00
137,Bima Permata,bima.permata137@campusmail.id,aed805bddd5358b191d43ce021cf9316864f72b8c8ee827ffa444338d66f684e,,2025-09-06 12:00:00,2025-10-04 12:00:00
138,Iqbal Hidayat,iqbal.hidayat138@example.com,ebe264df3e254d1e94478ae233f8005beb81b2e3ce81a75ad9d696040541cf3c,,2025-09-24 15:00:00,2025-10-04 15:00:00
139,Fajar Pratama,fajar.pratama139@studentmail.ac.id,5f0201b78514cd5ed70074c6887488c6fabef20fdbdc0f60effe2f7c1f2e0c58,https://cdn.example.com/profiles/139.png,2025-04-25 23:00:00,2025-04-30 23:00:00
140,Hana Ramadhan,hana.ramadhan140@campusmail.id,ec301926db87a33992d92891f409212ac0f68e7bcfe15aa54fe650a36ebc642a,https://cdn.example.com/profiles/140.png,2025-05-04 06:00:00,2025-07-31 06:00:00
141,Hana Santoso,hana.santoso141@studentmail.ac.id,50f8733e2f6a1a2973dd84483316bb29ad5119765965d8a1ecbf2d8fe7b3ad26,https://cdn.example.com/profiles/141.png,2025-09-11 19:00:00,2025-09-26 19:00:00
142,Salsa Wijaya,salsa.wijaya142@campusmail.id,874aab015828dd88fd8b46b3076f955788f563e313a235198a8a92fc47527c44,,2025-08-08 04:00:00,2025-08-18 04:00:00
143,Bima Lestari,bima.lestari143@studentmail.ac.id,9ce27f5a384edc9fb96e5ee465d426ede96bf2ed92ad521922e4db773a0521c0,https://cdn.example.com/profiles/143.png,2025-03-05 23:00:00,2025-05-01 23:00:00
144,Dimas Azzahra,dimas.azzahra144@campusmail.id,3c1818cc9de3959b1fc2f01e01d467199e8561b0f3eccb758963cd47a10e4e05,https://cdn.example.com/profiles/144.png,2025-05-30 00:00:00,2025-08-03 00:00:00
145,Salsa Azzahra,salsa.azzahra145@studentmail.ac.id,385fd91fd7450f55111fd9a874083ef534eaaf56e809243dd2e3b8bee46e029e,,2025-12-01 19:00:00,2026-01-12 19:00:00
146,Vina Ramadhan,vina.ramadhan146@example.com,32c5e3be5ca1653cf38e72de8487448d4f6dceb462a1c8e39579560e6a8b4e89,,2025-03-02 14:00:00,2025-03-05 14:00:00
147,Arif Hidayat,arif.hidayat147@studentmail.ac.id,e1e1cfe8b1b11746d154d1b243609fef0c2812746abcf5168cd980f0089d0a03,https://cdn.example.com/profiles/147.png,2025-09-23 17:00:00,2025-11-29 17:00:00
148,Wahyu Azzahra,wahyu.azzahra148@studentmail.ac.id,fe6b816c83e01b8a231be20aad4f99dbcca433224a29eced355f0ed32e82fab0,,2025-02-25 19:00:00,2025-05-18 19:00:00
149,Ilham Azzahra,ilham.azzahra149@example.com,b927a3d17221223a09b815ec6e3c31d39698efeda3ce012c0cd4ca525b87de57,https://cdn.example.com/profiles/149.png,2025-05-26 22:00:00,2025-07-07 22:00:00
150,Yuni Saputra,yuni.saputra150@example.com,6f3f68dca62e2a54096ee604bd555cd803b4830c3fdffd3852ae78ee0b2a88eb,https://cdn.example.com/profiles/150.png,2025-04-12 23:00:00,2025-07-06 23:00:00
151,Maya Febriani,maya.febriani151@campusmail.id,3ff0a3c272a98d0986995a2db0de8f3f457034978abbaf58f524323ea7dc8257,,2025-11-06 22:00:00,2025-12-09 22:00:00
152,Kevin Saputra,kevin.saputra152@studentmail.ac.id,068ee009f769b684da04e4d4cc14786f5b921f961d8799428bf6e9335f5bf1c5,https://cdn.example.com/profiles/152.png,2025-12-21 11:00:00,2026-03-01 11:00:00
153,Oki Maulana,oki.maulana153@example.com,2d39d6e16bad3d1240efa7a0cbeb6160953e2decd9a838222528c938b5f4843a,,2025-06-19 13:00:00,2025-08-22 13:00:00
154,Wahyu Azzahra,wahyu.azzahra154@example.com,8fe4578dae8dcbe2a7b9a0df0a8a705009783ad6eeedfca11b8b946f62a884a1,,2025-03-16 04:00:00,2025-04-22 04:00:00
155,Oki Santoso,oki.santoso155@campusmail.id,96e81004f0e9f7bec029126965a5cd1e2e70d707290242fbc458750bbd28a217,https://cdn.example.com/profiles/155.png,2025-12-07 12:00:00,2026-02-23 12:00:00
156,Dewi Wijaya,dewi.wijaya156@campusmail.id,ab0ca17543b07190671a262635f23ffddb914b9e4a807e03340e71714bcc438b,,2025-03-15 08:00:00,2025-05-25 08:00:00
157,Nadia Saputra,nadia.saputra157@example.com,af26367f0445b19f779eccf5e107d5c36bb236bbcc20900eda1bf2d72bf0150b,https://cdn.example.com/profiles/157.png,2025-10-24 18:00:00,2025-11-09 18:00:00
158,Wahyu Febriani,wahyu.febriani158@example.com,6dbf8259d596d21e4198efb340517cf59675021b49dcc643d98a63047cd363c4,https://cdn.example.com/profiles/158.png,2025-07-25 16:00:00,2025-08-29 16:00:00
159,Nadia Febriani,nadia.febriani159@studentmail.ac.id,8acef9b3531eb84e841f3bf0222ae65adb1ce2f44c08d685f82924f825c5d7c6,https://cdn.example.com/profiles/159.png,2025-08-19 18:00:00,2025-10-29 18:00:00
160,Eka Maulana,eka.maulana160@example.com,73c04deed0e78f1be4de5832824a30690cb9389d2026c58d269afc55a8189b48,https://cdn.example.com/profiles/160.png,2025-04-05 09:00:00,2025-04-23 09:00:00
161,Nisa Saputra,nisa.saputra161@studentmail.ac.id,9cfc221024121cec4e1ba1d41466724a18d9abb74c2011bf674207b505e97e84,https://cdn.example.com/profiles/161.png,2025-05-23 22:00:00,2025-07-27 22:00:00
162,Iqbal Febriani,iqbal.febriani162@example.com,e3ba37ac278192fef5e39ef7c08d74e7d788614685fce5150e2697d189c3fc8f,https://cdn.example.com/profiles/162.png,2025-07-22 14:00:00,2025-10-05 14:00:00
163,Yuni Azzahra,yuni.azzahra163@example.com,0a5f67e2fe704a7755649eab7372ebaffb605d120eb152568f9c497fe57a59f5,https://cdn.example.com/profiles/163.png,2025-04-18 21:00:00,2025-05-31 21:00:00
164,Salsa Nugroho,salsa.nugroho164@campusmail.id,38f2b7d3c3ae4f21ffa96248c6e2717f22bd2878aee256e58fe6d300fa6ea388,https://cdn.example.com/profiles/164.png,2025-07-11 02:00:00,2025-10-09 02:00:00
165,Hana Permata,hana.permata165@studentmail.ac.id,ed99b6861bc6ab4a07d09922e96bece9658f19d4bdf931e34e1fa1a46f8f5118,,2025-05-26 07:00:00,2025-07-06 07:00:00
166,Rani Azzahra,rani.azzahra166@campusmail.id,af96e64198f4427c4ff875d197fefa51ad8652cd51a603e2b6ce80032a2b94d5,https://cdn.example.com/profiles/166.png,2025-06-09 20:00:00,2025-09-02 20:00:00
167,Dewi Febriani,dewi.febriani167@campusmail.id,5528b9f4ae641c2717ae0daf2b752f7e358bbc0698d7691011d24f96cc4f5b75,https://cdn.example.com/profiles/167.png,2025-04-13 07:00:00,2025-04-30 07:00:00
168,Raka Permata,raka.permata168@studentmail.ac.id,621447c4e90c75c62a3993c389dc8d661579655223c2665940c1f86b40564648,https://cdn.example.com/profiles/168.png,2025-05-11 05:00:00,2025-07-18 05:00:00
169,Sinta Azzahra,sinta.azzahra169@example.com,50a3b3d38c33ef4f432b3d32fb28fee919d242aa981dc52b1764deedf2e65cc0,https://cdn.example.com/profiles/169.png,2025-05-26 12:00:00,2025-06-15 12:00:00
170,Citra Azzahra,citra.azzahra170@studentmail.ac.id,0ecff29be15c70a924864111742d0625770247fde570f5497da5288847aef32c,https://cdn.example.com/profiles/170.png,2025-06-01 12:00:00,2025-06-12 12:00:00
171,Nisa Putri,nisa.putri171@campusmail.id,f73bb5ee1fdce35cfee707ec325802e218081561f95cfdfa3b86b98ab9541983,https://cdn.example.com/profiles/171.png,2025-06-10 22:00:00,2025-08-30 22:00:00
172,Zaki Santoso,zaki.santoso172@studentmail.ac.id,6b201834c4d93508c588db3f61fd99d08f237f6980a8b92e0ed8cb6104375e8e,https://cdn.example.com/profiles/172.png,2025-12-03 13:00:00,2025-12-12 13:00:00
173,Hana Hidayat,hana.hidayat173@campusmail.id,1085d045528daec5927ab3255f3e0bcd5b2b5cbbfc4d72c17f2968daaf0a8315,https://cdn.example.com/profiles/173.png,2025-08-27 09:00:00,2025-09-08 09:00:00
174,Nadia Saputra,nadia.saputra174@campusmail.id,c41cbde17f0aadac2679b1136ed21c16e64aa708477dee16633610ebbd123dec,https://cdn.example.com/profiles/174.png,2025-10-31 18:00:00,2025-11-22 18:00:00
175,Zaki Ramadhan,zaki.ramadhan175@example.com,8da9d98043b7e738a36295c8d64cdcfdb931ec5dbcef8225c0c9230511903cc0,,2025-11-23 23:00:00,2026-01-08 23:00:00
176,Lutfi Maulana,lutfi.maulana176@example.com,05ad531d9c2a237b87cf80e941207f0c0766c2ae13e6b9fc2d79d262636c7d2f,,2025-05-25 14:00:00,2025-08-21 14:00:00
177,Dewi Lestari,dewi.lestari177@example.com,b456d1b263954590ff46791c5402a46b82f04ba19c16f2bfdfecd128ac8d727c,,2025-06-09 13:00:00,2025-09-05 13:00:00
178,Hana Azzahra,hana.azzahra178@campusmail.id,fab3edb7e905adabac9260de0f50394448e56ac69877de131bc955b155f94ab3,,2025-04-29 12:00:00,2025-06-01 12:00:00
179,Oki Ramadhan,oki.ramadhan179@campusmail.id,6604b4a586e819822efd56b9c56117711612a6ba52d9a8100d8b3ec4a1f10cb9,,2025-04-27 23:00:00,2025-07-23 23:00:00
180,Salsa Lestari,salsa.lestari180@example.com,f9844cec5aee909a6b02524fd6d5ab287683387ce7497d68982a0cbe4791259a,https://cdn.example.com/profiles/180.png,2025-06-28 14:00:00,2025-08-06 14:00:00
181,Wahyu Maulana,wahyu.maulana181@campusmail.id,168534d04702195e6531a4e60dcda3b2e6c32895273ed1457a2ea91c193575e5,https://cdn.example.com/profiles/181.png,2025-07-21 02:00:00,2025-09-09 02:00:00
182,Nisa Azzahra,nisa.azzahra182@example.com,17c8d1477a5da6e8f62aa08d0ae4101d65ee13770c78bbe6030b511b8da22ce6,,2025-03-04 21:00:00,2025-05-17 21:00:00
183,Jihan Anjani,jihan.anjani183@studentmail.ac.id,2ea31d3efbf0f0652c0521abdeca4ed70d4f7e33359bb7d1db252ea2f7583557,,2025-06-03 00:00:00,2025-06-05 00:00:00
184,Tio Febriani,tio.febriani184@campusmail.id,8a2f4efc3026a0d3bba99a2ca57841fc6a265ac3b048120a2e63311969549b0c,https://cdn.example.com/profiles/184.png,2025-11-26 13:00:00,2026-01-29 13:00:00
185,Ilham Santoso,ilham.santoso185@studentmail.ac.id,98bde436fc5ae04bc143c3b292cfa504303daaee0028d3f422026a64b2ad721b,https://cdn.example.com/profiles/185.png,2025-08-26 13:00:00,2025-10-11 13:00:00
186,Hana Hidayat,hana.hidayat186@example.com,0d91d49e69d9d61fbd2465ac1bf44b93a67bbbe2099ee952d9e2dda1cf8614a5,https://cdn.example.com/profiles/186.png,2025-10-12 12:00:00,2025-10-25 12:00:00
187,Bayu Hidayat,bayu.hidayat187@campusmail.id,41b7e8d7e47b10297a970fcf5ef8d8008446066e2397c957c15c06312432fa54,,2025-05-11 07:00:00,2025-07-25 07:00:00
188,Lutfi Anjani,lutfi.anjani188@example.com,a2a98ef6a3acd6fbf7593dd690c1dcf4b03405306ad44874d38fedc13f360054,,2025-07-23 22:00:00,2025-09-15 22:00:00
189,Fajar Wijaya,fajar.wijaya189@example.com,99441ffaf7da9b9ee07ce25fd0d31cad7a25b4485dbc6d8294b01c3039402d2f,https://cdn.example.com/profiles/189.png,2025-06-17 16:00:00,2025-08-21 16:00:00
190,Sinta Ramadhan,sinta.ramadhan190@example.com,45b3fc8fe783c64bc6bacc97a9b7fa5bc7dbbbd869806b0dd566c5d72caf99a6,https://cdn.example.com/profiles/190.png,2025-04-19 23:00:00,2025-06-02 23:00:00
191,Dewi Saputra,dewi.saputra191@studentmail.ac.id,21112e6c8de8e0cc43f644ba3822c1318a664fbd1c1868d5cac29b611d08baa0,https://cdn.example.com/profiles/191.png,2025-10-11 01:00:00,2026-01-06 01:00:00
192,Rani Hidayat,rani.hidayat192@studentmail.ac.id,06b1d6f078c1399a266f38bcc329fc025dce57bbb839b94fc6c674b6fcb271b9,https://cdn.example.com/profiles/192.png,2025-03-11 21:00:00,2025-03-23 21:00:00
193,Dewi Maulana,dewi.maulana193@example.com,781abbfcd222960ac4a13a194d616f814ce9c9b7ea3c80ce068211c828a61051,https://cdn.example.com/profiles/193.png,2025-10-19 18:00:00,2025-12-06 18:00:00
194,Yuni Anjani,yuni.anjani194@campusmail.id,909bd956db975b0eaa1862361cfd467d3402f304fb05c62cd2cfd0604289004e,https://cdn.example.com/profiles/194.png,2025-06-09 12:00:00,2025-07-27 12:00:00
195,Dimas Hidayat,dimas.hidayat195@example.com,ac1bede6bf43a4c62933f557f5de340b565a8a78fc8db52441b9625bb5153505,https://cdn.example.com/profiles/195.png,2025-03-09 22:00:00,2025-05-27 22:00:00
196,Hana Hidayat,hana.hidayat196@example.com,8efdb44bbe89cd22423f3e85796cd17a0350aa82d538a349f7428d347a7cabb7,https://cdn.example.com/profiles/196.png,2025-04-28 10:00:00,2025-06-06 10:00:00
197,Wahyu Maulana,wahyu.maulana197@example.com,fe3d714349b6a91abdd62b9bcdac320cc49d0f2d3535293b5923dfdc6b7afc73,,2025-12-02 23:00:00,2026-02-04 23:00:00
198,Dimas Saputra,dimas.saputra198@example.com,daab56a4e1ae579f146e2039232de55adda647dc28a55142793dc248cedd267a,https://cdn.example.com/profiles/198.png,2025-10-13 20:00:00,2025-12-11 20:00:00
199,Lutfi Hidayat,lutfi.hidayat199@campusmail.id,70ea69400cd66cf4c02708c86058a366bfdb62b3c150723ca703868da64d2ccf,https://cdn.example.com/profiles/199.png,2025-03-20 19:00:00,2025-06-04 19:00:00
200,Rani Anjani,rani.anjani200@example.com,d6a691288ed9e4bdd9370a68fe48b12833379d4e4f209b6001d942fd55ab8649,https://cdn.example.com/profiles/200.png,2025-11-01 17:00:00,2026-01-19 17:00:00
201,Nadia Ramadhan,nadia.ramadhan201@example.com,516de92efb34ef94d7dd9c9e3c6142a37281fa1d88ca7401822a05ee7c40ecbc,https://cdn.example.com/profiles/201.png,2025-09-01 18:00:00,2025-10-28 18:00:00
202,Hana Febriani,hana.febriani202@studentmail.ac.id,74eee743d486a9661cb4c47db425ebadaa055ead6e0d4bf32a59326c3ecdc8f8,,2025-06-16 15:00:00,2025-09-07 15:00:00
203,Lutfi Pratama,lutfi.pratama203@studentmail.ac.id,e540440e809b3777f72f6209622375109da2025110a2e8024ae112aad566e373,https://cdn.example.com/profiles/203.png,2025-10-20 18:00:00,2025-11-01 18:00:00
204,Yuni Wijaya,yuni.wijaya204@campusmail.id,49bc4805605c50844b4a013129d1395456399f0bfb49bdf845e0da3475231e61,https://cdn.example.com/profiles/204.png,2025-12-12 07:00:00,2026-01-24 07:00:00
205,Hana Lestari,hana.lestari205@campusmail.id,e16369688ea6e884b6e59be404a52f8e6f25b345ac644a4628128003be57e14d,,2025-03-14 02:00:00,2025-05-29 02:00:00
206,Gita Febriani,gita.febriani206@example.com,db9d0af1befd21affcd838c931a0f42f2cd8ea1d79cfd5975f42d2ab4244a995,https://cdn.example.com/profiles/206.png,2025-10-07 13:00:00,2025-10-08 13:00:00
207,Iqbal Febriani,iqbal.febriani207@example.com,8ab6de67754acd400bf3486b966965604fde24ea8f81a589e627787c24b0763c,https://cdn.example.com/profiles/207.png,2025-03-21 00:00:00,2025-04-13 00:00:00
208,Dimas Hidayat,dimas.hidayat208@example.com,db262ce4e3125ae3414090a80e45f890d1bb5d7ba59105a47514fe77800e6730,,2025-06-22 01:00:00,2025-09-06 01:00:00
209,Kevin Pratama,kevin.pratama209@example.com,af27e137dfb627093fc371e36441e4acca592603b874399b43f91d43d30ff0f1,https://cdn.example.com/profiles/209.png,2025-10-18 09:00:00,2025-12-11 09:00:00
210,Raka Saputra,raka.saputra210@campusmail.id,d74f932e6935a1bc40e170f34e342de46289721450ac431e41b5b362219ad7db,,2025-05-06 21:00:00,2025-07-11 21:00:00
211,Tio Saputra,tio.saputra211@studentmail.ac.id,fcabbb473d6994a11d06b4d95a5a0e157167796c36026a6c02eb140fbfca3e16,https://cdn.example.com/profiles/211.png,2025-11-29 09:00:00,2026-02-22 09:00:00
212,Raka Ramadhan,raka.ramadhan212@studentmail.ac.id,0bc55ec9a1f45e9158caf89865abf3a03862128cf0f7125bd401d91e47c59280,https://cdn.example.com/profiles/212.png,2025-12-07 07:00:00,2026-02-07 07:00:00
213,Nisa Maulana,nisa.maulana213@studentmail.ac.id,8747214b3dab260824fdb4a26f0301ebc1197a79484ef8745b4eb2fe5255f44e,https://cdn.example.com/profiles/213.png,2025-04-14 10:00:00,2025-06-10 10:00:00
214,Citra Santoso,citra.santoso214@example.com,6467dac77201643c7ac2dc0f22582fd787763829c8e2bee2b7eba438eeb8d2e4,https://cdn.example.com/profiles/214.png,2025-10-08 06:00:00,2025-10-25 06:00:00
215,Iqbal Permata,iqbal.permata215@campusmail.id,ce3cf60c18650490336cb19d6f4054559e43aa2b3a7312373d9f5745b64930be,https://cdn.example.com/profiles/215.png,2025-07-08 20:00:00,2025-09-23 20:00:00
216,Raka Ramadhan,raka.ramadhan216@studentmail.ac.id,c90396483d7ba8ac20e5287173ddcb96520eb2ac6c0a771acf9d40424ed8e3a1,https://cdn.example.com/profiles/216.png,2025-05-16 05:00:00,2025-08-14 05:00:00
217,Dimas Febriani,dimas.febriani217@campusmail.id,5a967d5b3b69764cf642f0a58c1f08ba38f49433db8011a011ece4c300a65974,https://cdn.example.com/profiles/217.png,2025-03-14 09:00:00,2025-04-11 09:00:00
218,Nadia Azzahra,nadia.azzahra218@example.com,881b3fa174ad2c1fd263bc29e762d011fcf628fdcd6a4331aa26720ae4cc773a,https://cdn.example.com/profiles/218.png,2025-05-03 20:00:00,2025-06-26 20:00:00
219,Rani Saputra,rani.saputra219@studentmail.ac.id,02960e20a7cdd9e68acd42da582b662b5acae1fce1a44b6fe79ef93539a32c0f,https://cdn.example.com/profiles/219.png,2025-08-13 21:00:00,2025-09-02 21:00:00
220,Yuni Santoso,yuni.santoso220@studentmail.ac.id,e0aa04f67b39eac063433db879ef62837abfd552b1df5acac396172f6d430a87,,2025-11-09 06:00:00,2026-01-04 06:00:00
221,Dimas Anjani,dimas.anjani221@campusmail.id,b7639e2b894f464bd3d57c270d07e2e7aa22a2050a9d3c963c5e909f3eaba008,https://cdn.example.com/profiles/221.png,2025-10-16 15:00:00,2025-10-24 15:00:00
222,Tio Kurniawan,tio.kurniawan222@campusmail.id,4e1f5ce3fec36ef01db8875f8c44e4959e17ae944caa658815722df1a6c55f7b,https://cdn.example.com/profiles/222.png,2025-10-20 19:00:00,2025-12-05 19:00:00
223,Nisa Hidayat,nisa.hidayat223@studentmail.ac.id,baacc4a317a2428cb078c5896e5bfa43ee94deefd180389a4ae2f47ff5330908,https://cdn.example.com/profiles/223.png,2025-11-25 23:00:00,2026-02-10 23:00:00
224,Jihan Putri,jihan.putri224@example.com,3d54c26e48f555a75fc9a32a4d2c352b2302f89d9f1fcdecd5b2c14edf474482,https://cdn.example.com/profiles/224.png,2025-09-05 04:00:00,2025-11-29 04:00:00
225,Putri Wijaya,putri.wijaya225@example.com,d4ab75f4514eac36414c69b83aa3f5241617429850f21889a9501c00e9597107,https://cdn.example.com/profiles/225.png,2025-03-12 21:00:00,2025-03-27 21:00:00
226,Arif Ramadhan,arif.ramadhan226@campusmail.id,46833342b8a47b9dd99595a293806b222b5e88d67aff28f4de126173d2f7bb9a,,2025-05-16 15:00:00,2025-08-04 15:00:00
227,Vina Hidayat,vina.hidayat227@campusmail.id,51274fb2c43e5da7a8175bf28b1426cafac041b7569bf8c87e651cd13dc8c329,https://cdn.example.com/profiles/227.png,2025-08-08 08:00:00,2025-09-01 08:00:00
228,Iqbal Anjani,iqbal.anjani228@studentmail.ac.id,816baff8e11f8ef1ca2b10a6e9c0568707cd7347214e25456c22db2adc952750,https://cdn.example.com/profiles/228.png,2025-06-26 08:00:00,2025-07-20 08:00:00
229,Nisa Lestari,nisa.lestari229@campusmail.id,502c421c93e861f9c8687c2fc5e113b45a7c8638e295ff8fad43088258885530,https://cdn.example.com/profiles/229.png,2025-11-17 04:00:00,2026-02-07 04:00:00
230,Alya Saputra,alya.saputra230@campusmail.id,9d6f42b6f7659956e7f19b7ad317e417fcf90cdc95d3bbce90dfc65b3692121d,https://cdn.example.com/profiles/230.png,2025-06-12 19:00:00,2025-08-10 19:00:00
231,Kevin Lestari,kevin.lestari231@studentmail.ac.id,573981272cd93224d3e7be01a673698f0ba61086220c610f0e2743792b854763,https://cdn.example.com/profiles/231.png,2025-07-08 14:00:00,2025-09-23 14:00:00
232,Citra Santoso,citra.santoso232@example.com,03b4e1dc4be81a367a9deeeb704c8c79c93c1c397533b97721007903440f68c1,,2025-11-26 11:00:00,2025-12-07 11:00:00
233,Iqbal Azzahra,iqbal.azzahra233@campusmail.id,2970cd3bf6982ba98713c47c5b008920ad4fe899f32640c96061c874240f8495,https://cdn.example.com/profiles/233.png,2025-05-09 19:00:00,2025-06-13 19:00:00
234,Gita Nugroho,gita.nugroho234@campusmail.id,506caf94307853f86c4b858d9371d6eb5df7f1e7518028d8a88236021fe310db,,2025-05-16 05:00:00,2025-06-22 05:00:00
235,Yuni Hidayat,yuni.hidayat235@campusmail.id,0bd266be00e357a54dee4b37dc49cec6f64b3886952c7469128181d0cb95f5fb,https://cdn.example.com/profiles/235.png,2025-07-18 07:00:00,2025-08-16 07:00:00
236,Maya Permata,maya.permata236@example.com,0cbc29e3cda035368bd8cbc22c44ac560c276db19fbb7f651e5f054d0a1a74e4,,2025-07-21 02:00:00,2025-08-08 02:00:00
237,Arif Ramadhan,arif.ramadhan237@studentmail.ac.id,c9787d375dc4c9888d8e6f50fe0cfc4d9aad71b35e7c247d414fced78fce9ee0,https://cdn.example.com/profiles/237.png,2025-12-18 17:00:00,2026-02-12 17:00:00
238,Fajar Lestari,fajar.lestari238@studentmail.ac.id,e7af7c0052c97f40f9a8062b6b686c312d40dd5d323d127db1dab10a5fe4655c,https://cdn.example.com/profiles/238.png,2025-08-26 16:00:00,2025-11-06 16:00:00
239,Ilham Hidayat,ilham.hidayat239@studentmail.ac.id,848744bea3b7bcbf40daa8c4f6fb9583bc9861e069224b43d0fbec79325fa949,,2025-11-30 19:00:00,2025-12-03 19:00:00
240,Oki Santoso,oki.santoso240@example.com,d80f98d23f51368fba75eef8aaf1c33e3f80c804f1384c7476a332bbba73564f,https://cdn.example.com/profiles/240.png,2025-03-02 19:00:00,2025-05-15 19:00:00
241,Maya Anjani,maya.anjani241@campusmail.id,1e9f9fb49d89990697cab7cbd2727928bc0cda4b935688759c5e37c30d435650,https://cdn.example.com/profiles/241.png,2025-10-24 20:00:00,2025-10-27 20:00:00
242,Kevin Lestari,kevin.lestari242@campusmail.id,024aa7065a5cdd3366b7c942f29a7ebe9ae22189977bb8a2a08c192f91aab1e7,https://cdn.example.com/profiles/242.png,2025-06-20 06:00:00,2025-08-15 06:00:00
243,Nisa Saputra,nisa.saputra243@example.com,ef2808ef23744db2e7a30107fe68ab92ff49d4d1a72d52aab16be8ec279009a7,https://cdn.example.com/profiles/243.png,2025-05-30 16:00:00,2025-06-10 16:00:00
244,Maya Febriani,maya.febriani244@studentmail.ac.id,e9d6a2c71c3e699af14bbfd220ca92f60b3868b14a7587ab01dc20388cb44b8d,https://cdn.example.com/profiles/244.png,2025-08-30 22:00:00,2025-09-21 22:00:00
245,Citra Kurniawan,citra.kurniawan245@campusmail.id,c84e16c11f8ff1c5b2967cc5fc8077bf81afdded3aa587fc3fc2ef07b89d75b0,,2025-04-05 02:00:00,2025-05-20 02:00:00
246,Lutfi Anjani,lutfi.anjani246@campusmail.id,8d4aefdf62de3c4876c0124cd6a35ea9176b4f63adf7b507559a42b9899f5811,https://cdn.example.com/profiles/246.png,2025-08-24 05:00:00,2025-09-12 05:00:00
247,Iqbal Wijaya,iqbal.wijaya247@example.com,c4cbc34d6c8796b057689975110cf90a2abd7f45db5110ef15065c7abe18c358,https://cdn.example.com/profiles/247.png,2025-11-14 03:00:00,2026-02-03 03:00:00
248,Putri Azzahra,putri.azzahra248@campusmail.id,2d80cf664334201517963ea5f7fe920188c60045201e180987d559d5d6e45874,https://cdn.example.com/profiles/248.png,2025-05-06 11:00:00,2025-07-18 11:00:00
249,Wahyu Hidayat,wahyu.hidayat249@campusmail.id,098fb967ad879de7a17a8c39ea97cdae4f961136f03d1f045c07bccf64ff99e0,https://cdn.example.com/profiles/249.png,2025-07-14 04:00:00,2025-09-09 04:00:00
250,Citra Azzahra,citra.azzahra250@studentmail.ac.id,b37bc49df11cc57b7d052146f564c4565293098f95b25a1efb4b9e34cbd05332,https://cdn.example.com/profiles/250.png,2025-08-03 14:00:00,2025-08-11 14:00:00
251,Lutfi Kurniawan,lutfi.kurniawan251@example.com,903c5781073e2f66ba4705ba975125b680302f6bbf44c041227d13bb516aeb77,https://cdn.example.com/profiles/251.png,2025-05-05 07:00:00,2025-05-13 07:00:00
252,Lutfi Febriani,lutfi.febriani252@studentmail.ac.id,9c82d4a778b8578cbc49e8d007f726b0d3b2e3939e1277a56f73ae76eabbb4ca,,2025-11-05 13:00:00,2026-01-21 13:00:00
253,Raka Maulana,raka.maulana253@studentmail.ac.id,dd76ef8406dd6c06ebd80ef4df53f2be639322f551e1e7e0e8fba3359c05a833,https://cdn.example.com/profiles/253.png,2025-11-30 18:00:00,2026-02-12 18:00:00
254,Wahyu Wijaya,wahyu.wijaya254@studentmail.ac.id,0535eb5866e943cede304b4ce0223666b12be73dbb7ff4e4438a6ae5b63ac522,https://cdn.example.com/profiles/254.png,2025-04-10 04:00:00,2025-04-18 04:00:00
255,Oki Saputra,oki.saputra255@studentmail.ac.id,702e25b5e474d8694cfb0b17b1319759ea8a9fb07b0e4abf4edab1f8c8aedc58,https://cdn.example.com/profiles/255.png,2025-11-08 16:00:00,2026-01-30 16:00:00
256,Fajar Pratama,fajar.pratama256@example.com,8882285b147a67f3a62f22e14fe834c1535bbd7b93cae7752c7c2aa0ce70c5b2,https://cdn.example.com/profiles/256.png,2025-05-11 16:00:00,2025-07-17 16:00:00
257,Vina Lestari,vina.lestari257@studentmail.ac.id,fad3c155fd235135aef1356ded7bfa8858125389db6adbccea77cbc9dcb377f6,https://cdn.example.com/profiles/257.png,2025-07-30 20:00:00,2025-09-21 20:00:00
258,Arif Putri,arif.putri258@campusmail.id,1ebd76d9500699180a07a559298e2a5ed7a3f826fafd2852d097d746937429ae,https://cdn.example.com/profiles/258.png,2025-07-04 06:00:00,2025-08-16 06:00:00
259,Dimas Kurniawan,dimas.kurniawan259@campusmail.id,70074cf31c4ed4b8987b9623b4f31fd5c7614bb9b08114729b41c91055c97b04,https://cdn.example.com/profiles/259.png,2025-08-14 09:00:00,2025-11-07 09:00:00
260,Sinta Permata,sinta.permata260@example.com,e9cc0cd40c5ba07722a1ba58ab46b47f84881334c80144bbb4fc7ed43710b3d2,https://cdn.example.com/profiles/260.png,2025-02-26 11:00:00,2025-03-17 11:00:00
261,Sinta Putri,sinta.putri261@studentmail.ac.id,19c74447371473708a3e53936cfd3dcfdd70c6c954074975e43be5adeff4072c,https://cdn.example.com/profiles/261.png,2025-06-05 04:00:00,2025-08-21 04:00:00
262,Zaki Saputra,zaki.saputra262@studentmail.ac.id,bba44cb0446fd2224b6f494164c5eb013b2045789442adafeb865f26f93e60d8,https://cdn.example.com/profiles/262.png,2025-07-07 04:00:00,2025-10-01 04:00:00
263,Zaki Febriani,zaki.febriani263@campusmail.id,b67e4133ec9dda481ddb481317e1eff51c03a301f4150b63cf8fa815f422cf8e,https://cdn.example.com/profiles/263.png,2025-03-28 06:00:00,2025-06-19 06:00:00
264,Yuni Maulana,yuni.maulana264@campusmail.id,3a08ea5f0d2400882611e90514d2d550be21f244c660bf97b0c5494b200b7cfd,https://cdn.example.com/profiles/264.png,2025-06-19 23:00:00,2025-07-13 23:00:00
265,Gita Putri,gita.putri265@studentmail.ac.id,03360a58e193eca54a084b0e2dfadc61058bbc62f6838186049bebb521f9bf1e,,2025-10-13 04:00:00,2025-10-23 04:00:00
266,Jihan Febriani,jihan.febriani266@example.com,8cd159a409cd1d3c8b5eff323079c51a38215471c6f1bbd3ae5298c4138ccca4,https://cdn.example.com/profiles/266.png,2025-03-20 09:00:00,2025-05-27 09:00:00
267,Bima Hidayat,bima.hidayat267@studentmail.ac.id,b6bfa4fd66c2e46e4d25ab0f3a8805a999bc5d15c130ca33eb2e3abea0c399d2,https://cdn.example.com/profiles/267.png,2025-10-15 13:00:00,2025-12-03 13:00:00
268,Eka Lestari,eka.lestari268@example.com,03d997c358346e738c47b7e514477bbb9189eeab9c54a2ac96c53813fc4120c7,https://cdn.example.com/profiles/268.png,2025-09-28 09:00:00,2025-11-24 09:00:00
269,Bima Maulana,bima.maulana269@studentmail.ac.id,f6b6ec85c140a8f51a6fb43bfe775a1844b614b6d569d6ccae481d31895ff9f0,https://cdn.example.com/profiles/269.png,2025-08-22 18:00:00,2025-11-09 18:00:00
270,Jihan Nugroho,jihan.nugroho270@campusmail.id,912cc9ccd27e40547e9f5ee200f9c71f9074cbd75b67f72d805c73df08def838,https://cdn.example.com/profiles/270.png,2025-08-24 15:00:00,2025-09-24 15:00:00
271,Jihan Nugroho,jihan.nugroho271@studentmail.ac.id,202a1f1a538e7049d5a3ec7d86b2323115d68cc6286a8d29a5e0e77faa648a46,https://cdn.example.com/profiles/271.png,2025-09-13 21:00:00,2025-12-09 21:00:00
272,Tio Azzahra,tio.azzahra272@studentmail.ac.id,f5f001ec6e769514c72782f06f0945ca818033496c0e155e93b37e2ec28acf18,https://cdn.example.com/profiles/272.png,2025-06-09 16:00:00,2025-08-16 16:00:00
273,Nadia Lestari,nadia.lestari273@example.com,d76b7c8220f5215af967e6eab23ae408dfb686a3ba31551261bfe54df9bf514f,https://cdn.example.com/profiles/273.png,2025-10-13 00:00:00,2025-10-20 00:00:00
274,Wahyu Azzahra,wahyu.azzahra274@studentmail.ac.id,dc8b492629b47b98cfd87786f78f4725a8eaace16153a87039a7e6d7f3a305a2,https://cdn.example.com/profiles/274.png,2025-10-30 10:00:00,2026-01-05 10:00:00
275,Nisa Saputra,nisa.saputra275@studentmail.ac.id,0f9c4c73b3ceec8a12a4f85d2c560963dc9a5cf4c1e9909e1e1a0683a11716d0,,2025-10-01 00:00:00,2025-11-28 00:00:00
276,Bayu Kurniawan,bayu.kurniawan276@example.com,4ea914d1d54dcca6a7607b3f9a6bbef37b79ba5b7fd4d8acb0fd1ac5523c6fb9,https://cdn.example.com/profiles/276.png,2025-11-06 01:00:00,2026-01-03 01:00:00
277,Bayu Putri,bayu.putri277@example.com,cc96aee5efeeb79937d01eb39d7c42cdba5b9cc0bd987ca3163f655f3052be06,https://cdn.example.com/profiles/277.png,2025-06-02 16:00:00,2025-07-20 16:00:00
278,Hana Maulana,hana.maulana278@example.com,14d5452ad6094eb45cdb8587eb524d110a0823d31488f358d676c924a7c8d28c,https://cdn.example.com/profiles/278.png,2025-12-07 22:00:00,2025-12-20 22:00:00
279,Ilham Anjani,ilham.anjani279@campusmail.id,1b335f7f5727f27ed94d4fb156b8ab8950f0d79f6618c1293ebf04cbe0d0365c,https://cdn.example.com/profiles/279.png,2025-10-09 04:00:00,2025-10-14 04:00:00
280,Jihan Santoso,jihan.santoso280@studentmail.ac.id,3243c7b82fbb4ca39095fb8dae2e5c2ab958317e0d01bb11fae69f8f87e40ef0,https://cdn.example.com/profiles/280.png,2025-10-11 10:00:00,2025-12-11 10:00:00
281,Oki Permata,oki.permata281@example.com,dd4705b6f088222c720dffb791e5b582f9a9f8ed5a265c360b19e247f10ab2e3,https://cdn.example.com/profiles/281.png,2025-12-13 00:00:00,2026-01-10 00:00:00
282,Ilham Lestari,ilham.lestari282@campusmail.id,9993806d5594263cb0ea9712fca1e7328d53a73237bb250f48602707b4b181ca,https://cdn.example.com/profiles/282.png,2025-03-26 19:00:00,2025-04-10 19:00:00
283,Arif Ramadhan,arif.ramadhan283@example.com,80152e38f432077df61ace57595d24df96370703bd55470edd7f39ef97f81d10,https://cdn.example.com/profiles/283.png,2025-11-28 01:00:00,2026-01-21 01:00:00
284,Wahyu Nugroho,wahyu.nugroho284@campusmail.id,8821e4bda4ecda1f721fbc944efc56a9a36a85686565267f8997bb5f2c6b4e45,https://cdn.example.com/profiles/284.png,2025-10-26 17:00:00,2026-01-11 17:00:00
285,Salsa Pratama,salsa.pratama285@campusmail.id,ace37447bf8c67c3603c8a0d2a91b071f08bfa0e52c5ce67bee3fc24a4b8c5b3,https://cdn.example.com/profiles/285.png,2025-08-20 10:00:00,2025-09-08 10:00:00
286,Jihan Maulana,jihan.maulana286@example.com,02f088d5f529148fe00dcfd0bd76e545a3393163ea26fe0ac855d9daa74d2115,https://cdn.example.com/profiles/286.png,2025-08-20 14:00:00,2025-10-13 14:00:00
287,Fajar Hidayat,fajar.hidayat287@campusmail.id,6d08e5cfbe0545465cd443fba6ea1c10bd9c3c02ebb5752437ee0481cfccfcaf,,2025-06-21 06:00:00,2025-08-28 06:00:00
288,Salsa Kurniawan,salsa.kurniawan288@campusmail.id,32dba3b43bf7412d19d7e30d737940764291338829b7e7e8fe41d57e82493a26,https://cdn.example.com/profiles/288.png,2025-06-05 17:00:00,2025-06-11 17:00:00
289,Wahyu Maulana,wahyu.maulana289@studentmail.ac.id,d8b8a81992ec6de74e2eb026a9bd296ab8070b5b315274c312e3fe86626ca164,https://cdn.example.com/profiles/289.png,2025-12-13 21:00:00,2025-12-22 21:00:00
290,Lutfi Wijaya,lutfi.wijaya290@campusmail.id,d38d3e24095be7cd8d736a8d15fa3c3a4f30bab9659420e5a15ca16ad481e3a4,https://cdn.example.com/profiles/290.png,2025-10-29 14:00:00,2025-12-11 14:00:00
291,Eka Pratama,eka.pratama291@studentmail.ac.id,485dd2f717fd4cfd4df23aedd22a02180dd026a52494c906f41334b21caa7342,https://cdn.example.com/profiles/291.png,2025-09-23 11:00:00,2025-11-22 11:00:00
292,Zaki Azzahra,zaki.azzahra292@campusmail.id,53c890cc3b643282ac604a66bddeccbd930e9aff824a6c08104cf31672be4bca,,2025-10-14 06:00:00,2025-12-12 06:00:00
293,Bima Ramadhan,bima.ramadhan293@example.com,7c151718a3505b7df7d04ee7027804bca8b74cecfcc020df515c8824f80a7304,,2025-09-11 07:00:00,2025-10-22 07:00:00
294,Sinta Ramadhan,sinta.ramadhan294@campusmail.id,e224a4f4369d039d67110f46cf010d1d845c0250e851a2ea586a3be5c8144621,https://cdn.example.com/profiles/294.png,2025-03-18 17:00:00,2025-04-20 17:00:00
295,Bima Nugroho,bima.nugroho295@campusmail.id,d5a47b29a18033b9adda4511cacba638756c3347d7147879f48942abcbe5042e,,2025-06-23 07:00:00,2025-09-15 07:00:00
296,Kevin Ramadhan,kevin.ramadhan296@example.com,0150f7549345e9163ddb9a008173838615f4b635e5d55c65d2faae54d88c33d7,https://cdn.example.com/profiles/296.png,2025-05-12 20:00:00,2025-07-08 20:00:00
297,Bayu Maulana,bayu.maulana297@studentmail.ac.id,2e7817719d75a1a9bfcf10884640ce990bb06e311d867be9524ecb4acd01400b,https://cdn.example.com/profiles/297.png,2025-04-11 10:00:00,2025-06-14 10:00:00
298,Lutfi Santoso,lutfi.santoso298@campusmail.id,666af466f2e47c37e059d6bed4fc3c56bb63a18640d38ce8a9523a822e274548,https://cdn.example.com/profiles/298.png,2025-11-09 09:00:00,2026-01-03 09:00:00
299,Citra Maulana,citra.maulana299@campusmail.id,77dc5e609d0adb7bd66f171ce81e5240e5bebf56872e2c9b6e73c7848f419464,https://cdn.example.com/profiles/299.png,2025-09-20 15:00:00,2025-10-28 15:00:00
300,Kevin Saputra,kevin.saputra300@example.com,f97b8787cf272d3493ef19e8118f5196ef89464786d9946760d9b8ae9855b142,https://cdn.example.com/profiles/300.png,2025-07-23 23:00:00,2025-09-19 23:00:00
